region_id,region_ar,region_en,city_id,city_ar,city_en,district_id,district_ar,district_en,lat,lng,post_count
1,منطقة الرياض,Riyadh,3,الرياض,Riyadh,10100003001,العمل,Al Amal Dist.,24.644879,46.725251,21
1,منطقة الرياض,Riyadh,3,الرياض,Riyadh,10100003002,النموذجية,Al Namudhajiyah Dist.,24.658763,46.695292,19
1,منطقة الرياض,Riyadh,3,الرياض,Riyadh,10100003003,الجرادية,Al Jarradiyah Dist.,24.616083,46.696457,39
1,منطقة الرياض,Riyadh,3,الرياض,Riyadh,10100003004,الصناعية,Al Sinaiyah Dist.,24.639005,46.74208,9
1,منطقة الرياض,Riyadh,3,الرياض,Riyadh,10100003005,منفوحة الجديدة,Manfuha Al Jadidah Dist.,24.611721,46.716076,43
1,منطقة الرياض,Riyadh,3,الرياض,Riyadh,10100003006,الفاخرية,Al Fakhiriyah Dist.,24.645233,46.68512,10
1,منطقة الرياض,Riyadh,3,الرياض,Riyadh,10100003007,الديرة,Al Dirah Dist.,24.636839,46.709267,12
1,منطقة الرياض,Riyadh,3,الرياض,Riyadh,10100003008,ام الحمام الشرقي,East Umm Al Hamam Dist.,24.69095,46.65348,28
1,منطقة الرياض,Riyadh,3,الرياض,Riyadh,10100003009,الشرفية,Al Sharafiyah Dist.,24.655023,46.673862,11
1,منطقة الرياض,Riyadh,3,الرياض,Riyadh,10100003010,الهدا,Al Hada Dist.,24.657791,46.625487,13
1,منطقة الرياض,Riyadh,3,الرياض,Riyadh,10100003011,المعذر الشمالي,North Mathar Dist.,24.686069,46.668247,31
1,منطقة الرياض,Riyadh,3,الرياض,Riyadh,10100003012,ام الحمام الغربي,West Umm Al Hamam Dist.,24.700222,46.64547,144
1,منطقة الرياض,Riyadh,3,الرياض,Riyadh,10100003013,الرحمانية,Ar Rahmaniyah Dist.,24.717627,46.66468,71
1,منطقة الرياض,Riyadh,3,الرياض,Riyadh,10100003014,لبن,Laban Dist.,24.63583,46.602698,103
1,منطقة الرياض,Riyadh,3,الرياض,Riyadh,10100003015,الرفيعة,Ar Rafiah Dist.,24.639734,46.662276,57
1,منطقة الرياض,Riyadh,3,الرياض,Riyadh,10100003016,الشهداء,Al Shohda Dist.,24.79167,46.739083,155
1,منطقة الرياض,Riyadh,3,الرياض,Riyadh,10100003017,الملك فهد,King Fahd Dist.,24.740459,46.670147,85
1,منطقة الرياض,Riyadh,3,الرياض,Riyadh,10100003018,السويدي,Al Suwaidi Dist.,24.592075,46.672556,342
1,منطقة الرياض,Riyadh,3,الرياض,Riyadh,10100003019,الحزم,Al Hazm Dist.,24.534145,46.64239,594
1,منطقة الرياض,Riyadh,3,الرياض,Riyadh,10100003020,عتيقة,Utayqah Dist.,24.595836,46.707971,19
1,منطقة الرياض,Riyadh,3,الرياض,Riyadh,10100003021,المربع,Al Murabba Dist.,24.664521,46.70605,82
1,منطقة الرياض,Riyadh,3,الرياض,Riyadh,10100003022,الفلاح,Al Falah Dist.,24.796925,46.707725,123
1,منطقة الرياض,Riyadh,3,الرياض,Riyadh,10100003023,الندى,Al Nada Dist.,24.80507,46.684272,294
1,منطقة الرياض,Riyadh,3,الرياض,Riyadh,10100003024,المرسلات,Al Mursalat Dist.,24.749487,46.684437,94
1,منطقة الرياض,Riyadh,3,الرياض,Riyadh,10100003025,النزهة,Al Nuzha Dist.,24.755273,46.706092,168
1,منطقة الرياض,Riyadh,3,الرياض,Riyadh,10100003026,الورود,Al Woroud Dist.,24.72092,46.679953,147
1,منطقة الرياض,Riyadh,3,الرياض,Riyadh,10100003027,الملك فيصل,King Faisal Dist.,24.763153,46.776229,359
1,منطقة الرياض,Riyadh,3,الرياض,Riyadh,10100003029,العزيزية,Al Aziziyah Dist.,24.584674,46.768262,204
1,منطقة الرياض,Riyadh,3,الرياض,Riyadh,10100003030,المنصورة,Al Mansurah Dist.,24.60817,46.745589,23
1,منطقة الرياض,Riyadh,3,الرياض,Riyadh,10100003031,غبيرة,Ghobairah Dist.,24.623678,46.736368,17
1,منطقة الرياض,Riyadh,3,الرياض,Riyadh,10100003032,الفاروق,Al Farooq Dist.,24.654133,46.76822,57
1,منطقة الرياض,Riyadh,3,الرياض,Riyadh,10100003033,الفيصلية,Al Faisaliyah Dist.,24.641365,46.786673,31
1,منطقة الرياض,Riyadh,3,الرياض,Riyadh,10100003034,الخالدية,Al Khalidiyah Dist.,24.624803,46.755929,31
1,منطقة الرياض,Riyadh,3,الرياض,Riyadh,10100003035,الجزيرة,Al Jazeerah Dist.,24.669392,46.793386,46
1,منطقة الرياض,Riyadh,3,الرياض,Riyadh,10100003036,السعادة,Al Saadah Dist.,24.691306,46.836293,434
1,منطقة الرياض,Riyadh,3,الرياض,Riyadh,10100003037,الناصرية,Al Nasiriyah Dist.,24.650821,46.673035,12
1,منطقة الرياض,Riyadh,3,الرياض,Riyadh,10100003038,المناخ,Al Manakh Dist.,24.618952,46.798186,55
1,منطقة الرياض,Riyadh,3,الرياض,Riyadh,10100003039,الدفاع,Al Difaa Dist.,24.584561,46.837629,3
1,منطقة الرياض,Riyadh,3,الرياض,Riyadh,10100003040,النور,Al Noor Dist.,24.619442,46.812267,20
1,منطقة الرياض,Riyadh,3,الرياض,Riyadh,10100003041,الملك عبدالله,King Abdullah Dist.,24.729713,46.746266,66
1,منطقة الرياض,Riyadh,3,الرياض,Riyadh,10100003044,الملك عبدالعزيز,King Abdulaziz Dist.,24.699243,46.721438,105
1,منطقة الرياض,Riyadh,3,الرياض,Riyadh,10100003045,الوزارات,Al Wizarat Dist.,24.686754,46.715469,79
1,منطقة الرياض,Riyadh,3,الرياض,Riyadh,10100003046,سكيرينة,Skirinah Dist.,24.616707,46.717192,4
1,منطقة الرياض,Riyadh,3,الرياض,Riyadh,10100003047,الربوة,Ar Rabwah Dist.,24.688024,46.76129,102
1,منطقة الرياض,Riyadh,3,الرياض,Riyadh,10100003048,جرير,Jareer Dist.,24.675463,46.748216,142
1,منطقة الرياض,Riyadh,3,الرياض,Riyadh,10100003049,المعذر,Al Mathar Dist.,24.669907,46.66613,48
1,منطقة الرياض,Riyadh,3,الرياض,Riyadh,10100003050,الصالحية,As Salhiyah Dist.,24.635851,46.734132,14
1,منطقة الرياض,Riyadh,3,الرياض,Riyadh,10100003051,الملز,Al Malaz Dist.,24.662054,46.73335,164
1,منطقة الرياض,Riyadh,3,الرياض,Riyadh,10100003052,منفوحة,Manfuhah Dist.,24.603045,46.725986,42
1,منطقة الرياض,Riyadh,3,الرياض,Riyadh,10100003053,عليشة,Olaishah Dist.,24.629844,46.684029,11
1,منطقة الرياض,Riyadh,3,الرياض,Riyadh,10100003054,النهضة,Al Nahdah Dist.,24.763156,46.822632,487
1,منطقة الرياض,Riyadh,3,الرياض,Riyadh,10100003055,الخليج,Al Khaleej Dist.,24.777667,46.804572,835
1,منطقة الرياض,Riyadh,3,الرياض,Riyadh,10100003056,الضباط,Al Dhubbat Dist.,24.689256,46.719994,138
1,منطقة الرياض,Riyadh,3,الرياض,Riyadh,10100003057,السويدي الغربي,West Suwaidi Dist.,24.574777,46.622992,115
1,منطقة الرياض,Riyadh,3,الرياض,Riyadh,10100003058,ديراب,Dirab Dist.,24.50763,46.628683,170
1,منطقة الرياض,Riyadh,3,الرياض,Riyadh,10100003059,احد,Ohod Dist.,24.488184,46.63519,64
1,منطقة الرياض,Riyadh,3,الرياض,Riyadh,10100003060,نمار,Namar Dist.,24.569284,46.684767,61
1,منطقة الرياض,Riyadh,3,الرياض,Riyadh,10100003061,الشفا,Al Shifa Dist.,24.562468,46.69851,44
1,منطقة الرياض,Riyadh,3,الرياض,Riyadh,10100003062,المحمدية,Al Muhammadiyah Dist.,24.734612,46.6465,137
1,منطقة الرياض,Riyadh,3,الرياض,Riyadh,10100003063,السليمانية,Al Sulaimaniyah Dist.,24.712614,46.692513,458
1,منطقة الرياض,Riyadh,3,الرياض,Riyadh,10100003064,المروة,Al Marwah Dist.,24.53956,46.669883,82
1,منطقة الرياض,Riyadh,3,الرياض,Riyadh,10100003065,عكاظ,Okaz Dist.,24.510654,46.66493,961
1,منطقة الرياض,Riyadh,3,الرياض,Riyadh,10100003066,شبرا,Shubra Dist.,24.570516,46.653772,205
1,منطقة الرياض,Riyadh,3,الرياض,Riyadh,10100003067,الزهرة,Al Zahrah Dist.,24.578791,46.644554,164
1,منطقة الرياض,Riyadh,3,الرياض,Riyadh,10100003069,سلطانة,Sultanah Dist.,24.603123,46.68824,42
1,منطقة الرياض,Riyadh,3,الرياض,Riyadh,10100003070,اليمامة,Al Yamamah Dist.,24.596596,46.716332,64
1,منطقة الرياض,Riyadh,3,الرياض,Riyadh,10100003071,البديعة,Al Badiah Dist.,24.617871,46.681305,31
1,منطقة الرياض,Riyadh,3,الرياض,Riyadh,10100003072,المصانع,Al Masani Dist.,24.56824,46.747637,28
1,منطقة الرياض,Riyadh,3,الرياض,Riyadh,10100003073,القادسية,Al Qadisiyah Dist.,24.818676,46.824954,996
1,منطقة الرياض,Riyadh,3,الرياض,Riyadh,10100003074,الصفا,Al Safa Dist.,24.667292,46.776568,27
1,منطقة الرياض,Riyadh,3,الرياض,Riyadh,10100003075,العليا,Al Olaya Dist.,24.701529,46.680244,697
1,منطقة الرياض,Riyadh,3,الرياض,Riyadh,10100003076,الدريهمية,Al Duraihemiyah Dist.,24.59475,46.694771,127
1,منطقة الرياض,Riyadh,3,الرياض,Riyadh,10100003078,السلام,Al Salam Dist.,24.706936,46.814541,118
1,منطقة الرياض,Riyadh,3,الرياض,Riyadh,10100003079,المنار,Al Manar Dist.,24.727734,46.798632,80
1,منطقة الرياض,Riyadh,3,الرياض,Riyadh,10100003080,النسيم الشرقي,East Naseem Dist.,24.739815,46.842155,228
1,منطقة الرياض,Riyadh,3,الرياض,Riyadh,10100003081,القدس,Al Quds Dist.,24.753447,46.757535,208
1,منطقة الرياض,Riyadh,3,الرياض,Riyadh,10100003082,الوادي,Al Wadi Dist.,24.787929,46.691852,524
1,منطقة الرياض,Riyadh,3,الرياض,Riyadh,10100003083,النفل,Al Nafel Dist.,24.78263,46.677312,292
1,منطقة الرياض,Riyadh,3,الرياض,Riyadh,10100003084,المصيف,Al Maseef Dist.,24.767442,46.680117,296
1,منطقة الرياض,Riyadh,3,الرياض,Riyadh,10100003085,التعاون,Al Taawun Dist.,24.773643,46.694652,202
1,منطقة الرياض,Riyadh,3,الرياض,Riyadh,10100003086,الازدهار,Al Ezdihar Dist.,24.781154,46.721156,279
1,منطقة الرياض,Riyadh,3,الرياض,Riyadh,10100003087,الاندلس,Al Andalus Dist.,24.744649,46.789634,92
1,منطقة الرياض,Riyadh,3,الرياض,Riyadh,10100003088,الروضة,Al Rawdah Dist.,24.734874,46.768935,276
1,منطقة الرياض,Riyadh,3,الرياض,Riyadh,10100003089,الروابي,Al Rawabi Dist.,24.694167,46.790214,99
1,منطقة الرياض,Riyadh,3,الرياض,Riyadh,10100003090,الريان,Al Rayan Dist.,24.71438,46.783097,152
1,منطقة الرياض,Riyadh,3,الرياض,Riyadh,10100003091,ظهرة البديعة,Dhahrat Al Badeah Dist.,24.59327,46.642502,81
1,منطقة الرياض,Riyadh,3,الرياض,Riyadh,10100003092,النظيم,Al Nadheem Dist.,24.842073,46.923915,277
1,منطقة الرياض,Riyadh,3,الرياض,Riyadh,10100003094,البرية,Al Bariyah Dist.,24.56807,46.908848,36
1,منطقة الرياض,Riyadh,3,الرياض,Riyadh,10100003095,طيبة,Taybah Dist.,24.55352,46.827307,84
1,منطقة الرياض,Riyadh,3,الرياض,Riyadh,10100003096,المنصورية,Mansuriyah Dist.,24.536644,46.796778,20
1,منطقة الرياض,Riyadh,3,الرياض,Riyadh,10100003097,ضاحية نمار,Dahiyat Namar Dist.,24.500907,46.53046,652
1,منطقة الرياض,Riyadh,3,الرياض,Riyadh,10100003098,المصفاة,Al Misfat Dist.,24.506838,46.903842,152
1,منطقة الرياض,Riyadh,3,الرياض,Riyadh,10100003101,قرطبة,Qurtubah Dist.,24.819669,46.737185,1386
1,منطقة الرياض,Riyadh,3,الرياض,Riyadh,10100003102,طويق,Tuwaiq Dist.,24.561314,46.54937,2754
1,منطقة الرياض,Riyadh,3,الرياض,Riyadh,10100003103,العوالي,Al Awaly Dist.,24.559986,46.602503,650
1,منطقة الرياض,Riyadh,3,الرياض,Riyadh,10100003104,الربيع,Ar Rabie Dist.,24.79665,46.662607,189
1,منطقة الرياض,Riyadh,3,الرياض,Riyadh,10100003105,المغرزات,Al Mughrazat Dist.,24.758643,46.732988,86
1,منطقة الرياض,Riyadh,3,الرياض,Riyadh,10100003106,السلي,Al Sulay Dist.,24.665076,46.847529,158
1,منطقة الرياض,Riyadh,3,الرياض,Riyadh,10100003107,العقيق,Al Aqeeq Dist.,24.779877,46.627189,1141
1,منطقة الرياض,Riyadh,3,الرياض,Riyadh,10100003108,النخيل,Al Nakheel Dist.,24.746432,46.630738,200
1,منطقة الرياض,Riyadh,3,الرياض,Riyadh,10100003109,الغدير,Al Ghadeer Dist.,24.776984,46.656824,87
1,منطقة الرياض,Riyadh,3,الرياض,Riyadh,10100003110,المروج,Al Muruj Dist.,24.757057,46.664898,165
1,منطقة الرياض,Riyadh,3,الرياض,Riyadh,10100003111,العود,Al Oud Dist.,24.631815,46.729079,29
1,منطقة الرياض,Riyadh,3,الرياض,Riyadh,10100003112,ثليم,Thulaim Dist.,24.641606,46.725754,31
1,منطقة الرياض,Riyadh,3,الرياض,Riyadh,10100003113,الشميسي,Al Shumaisi Dist.,24.62329,46.70036,29
1,منطقة الرياض,Riyadh,3,الرياض,Riyadh,10100003114,الوشام,Al Wisham Dist.,24.641761,46.70032,7
1,منطقة الرياض,Riyadh,3,الرياض,Riyadh,10100003118,جبرة,Jabrah Dist.,24.62294,46.71881,3
1,منطقة الرياض,Riyadh,3,الرياض,Riyadh,10100003120,المرقب,Al Marqab Dist.,24.635467,46.722581,37
1,منطقة الرياض,Riyadh,3,الرياض,Riyadh,10100003121,الفوطة,Al Futah Dist.,24.639791,46.715147,10
1,منطقة الرياض,Riyadh,3,الرياض,Riyadh,10100003122,ام سليم,Umm Saleem Dist.,24.632619,46.694634,10
1,منطقة الرياض,Riyadh,3,الرياض,Riyadh,10100003123,الصحافة,Al Sahafah Dist.,24.802899,46.636561,484
1,منطقة الرياض,Riyadh,3,الرياض,Riyadh,10100003125,الرائد,Al Raed Dist.,24.705742,46.633008,52
1,منطقة الرياض,Riyadh,3,الرياض,Riyadh,10100003126,العريجاء الغربي,West Oraija Dist.,24.588018,46.597604,118
1,منطقة الرياض,Riyadh,3,الرياض,Riyadh,10100003127,العريجاء,Al Uraija Dist.,24.62738,46.662209,14
1,منطقة الرياض,Riyadh,3,الرياض,Riyadh,10100003128,العريجاء الوسطى,Middle Oraija Dist.,24.6115,46.635941,27
1,منطقة الرياض,Riyadh,3,الرياض,Riyadh,10100003129,الحمراء,Al Hamra Dist.,24.776935,46.762433,269
1,منطقة الرياض,Riyadh,3,الرياض,Riyadh,10100003130,الدار البيضاء,Al Dar Al Baida Dist.,24.56271,46.787166,454
1,منطقة الرياض,Riyadh,3,الرياض,Riyadh,10100003132,الزهراء,Al Zahra Dist.,24.683266,46.731523,26
1,منطقة الرياض,Riyadh,3,الرياض,Riyadh,10100003133,الفيحاء,Al Fayha Dist.,24.681115,46.811382,209
1,منطقة الرياض,Riyadh,3,الرياض,Riyadh,10100003134,المؤتمرات,Al Mutamarat Dist.,24.670708,46.685288,12
1,منطقة الرياض,Riyadh,3,الرياض,Riyadh,10100003136,الجنادرية,Al Janadriyah Dist.,24.847909,46.892454,1556
1,منطقة الرياض,Riyadh,3,الرياض,Riyadh,10100003137,اشبيلية,Ishbiliyah Dist.,24.794843,46.794399,436
1,منطقة الرياض,Riyadh,3,الرياض,Riyadh,10100003138,المعيزلة,Al Maizalah Dist.,24.795972,46.844281,106
1,منطقة الرياض,Riyadh,3,الرياض,Riyadh,10100003139,اليرموك,Al Yarmuk Dist.,24.808436,46.784309,1210
1,منطقة الرياض,Riyadh,3,الرياض,Riyadh,10100003140,المونسية,Al Munisiyah Dist.,24.83149,46.7678,2341
1,منطقة الرياض,Riyadh,3,الرياض,Riyadh,10100003141,الخزامى,Al Khuzama Dist.,24.711756,46.613777,3
1,منطقة الرياض,Riyadh,3,الرياض,Riyadh,10100003142,عرقة,Irqah,24.684607,46.586618,243
1,منطقة الرياض,Riyadh,3,الرياض,Riyadh,10100003143,ظهرة لبن,Dhahrat Laban Dist.,24.62381,46.534475,1580
1,منطقة الرياض,Riyadh,3,الرياض,Riyadh,10100003144,حطين,Hiteen Dist.,24.77344,46.608669,727
1,منطقة الرياض,Riyadh,3,الرياض,Riyadh,10100003145,الملقا,Al Malqa Dist.,24.804228,46.602413,2380
1,منطقة الرياض,Riyadh,3,الرياض,Riyadh,10100003146,القيروان,Al Qairawan Dist.,24.827751,46.591319,769
1,منطقة الرياض,Riyadh,3,الرياض,Riyadh,10100003147,الياسمين,Al Yasmeen Dist.,24.823963,46.644672,1354
1,منطقة الرياض,Riyadh,3,الرياض,Riyadh,10100003148,العارض,Al Arid Dist.,24.881377,46.619293,2905
1,منطقة الرياض,Riyadh,3,الرياض,Riyadh,10100003149,مطار الملك خالد,King Khalid International Airport,24.95819,46.62705,7
1,منطقة الرياض,Riyadh,3,الرياض,Riyadh,10100003150,النرجس,Al Narjis Dist.,24.866203,46.657662,3769
1,منطقة الرياض,Riyadh,3,الرياض,Riyadh,10100003152,بنبان,Banban Dist.,25.021828,46.522598,45
1,منطقة الرياض,Riyadh,3,الرياض,Riyadh,10100003153,الرمال,Al Rimal Dist.,24.868436,46.811114,4314
1,منطقة الرياض,Riyadh,3,الرياض,Riyadh,10100003155,غرناطة,Ghirnatah Dist.,24.798965,46.75052,204
1,منطقة الرياض,Riyadh,3,الرياض,Riyadh,10100003158,هيت,Hyt Dist.,24.464446,46.981668,8
1,منطقة الرياض,Riyadh,3,الرياض,Riyadh,10100003159,الحائر,Al Haer Dist.,24.409971,46.841987,28
1,منطقة الرياض,Riyadh,3,الرياض,Riyadh,10100003161,ام الشعال,Umm Al Shaal Dist.,24.343826,46.963683,4
1,منطقة الرياض,Riyadh,3,الرياض,Riyadh,10100003162,الغنامية,Al Ghannamiyah Dist.,24.476506,46.808428,52
1,منطقة الرياض,Riyadh,3,الرياض,Riyadh,10100003163,عريض,Oraid Dist.,24.445597,46.76292,510
1,منطقة الرياض,Riyadh,3,الرياض,Riyadh,10100003164,بدر,Badr Dist.,24.517042,46.73295,1952
1,منطقة الرياض,Riyadh,3,الرياض,Riyadh,10100003165,المهدية,Al Mahdiyah Dist.,24.660882,46.523857,2575
1,منطقة الرياض,Riyadh,3,الرياض,Riyadh,10100003167,النسيم الغربي,West Naseem Dist.,24.725872,46.826454,341
1,منطقة الرياض,Riyadh,3,الرياض,Riyadh,10100003168,المشاعل,Al Mishael Dist.,24.614076,46.867245,58
1,منطقة الرياض,Riyadh,3,الرياض,Riyadh,10100003169,الندوة,Al Nadwah Dist.,24.79708,46.878412,308
1,منطقة الرياض,Riyadh,3,الرياض,Riyadh,10100003172,وادي لبن,Wady Laban Dist.,24.598441,46.53692,5
1,منطقة الرياض,Riyadh,3,الرياض,Riyadh,10100003174,السدرة,Al Sidrah Dist.,24.449138,46.879488,4
1,منطقة الرياض,Riyadh,3,الرياض,Riyadh,10100003177,البساتين,Al Basatin Dist.,25.147015,47.196175,3
1,منطقة الرياض,Riyadh,3,الرياض,Riyadh,10100003182,الرسالة,Al Risalah Dist.,25.03885,47.235131,11
1,منطقة الرياض,Riyadh,3,الرياض,Riyadh,10100003183,الخير,Al Khair Dist.,25.047502,46.425992,297
1,منطقة الرياض,Riyadh,3,الرياض,Riyadh,10100003184,الفرسان,Al Fursan Dist.,25.016326,47.219502,10
1,منطقة الرياض,Riyadh,3,الرياض,Riyadh,10100003185,الشعلة,Al Sholah Dist.,25.069062,47.140402,78
1,منطقة الرياض,Riyadh,3,الرياض,Riyadh,10100003186,الراية,Al Rayah Dist.,25.032469,47.200042,16
1,منطقة الرياض,Riyadh,3,الرياض,Riyadh,10100003188,الزاهر,Al Zaher Dist.,25.036661,47.056282,90
1,منطقة الرياض,Riyadh,3,الرياض,Riyadh,10100003189,المرجان,Al Marjan Dist.,24.91862,46.866722,270
1,منطقة الرياض,Riyadh,3,الرياض,Riyadh,10100003190,البيان,Al Bayan Dist.,24.882763,46.864141,573
1,منطقة الرياض,Riyadh,3,الرياض,Riyadh,10100003191,العلا,Al Ula Dist.,25.033692,47.144041,64
1,منطقة الرياض,Riyadh,3,الرياض,Riyadh,10100003192,المشرق,Al Mashriq Dist.,24.979413,47.038376,62
1,منطقة الرياض,Riyadh,3,الرياض,Riyadh,10100003193,النخبة,Al Nakhbah Dist.,25.029273,47.262336,49
1,منطقة الرياض,Riyadh,3,الرياض,Riyadh,10100003194,السحاب,Al Sahab Dist.,24.92924,46.936487,15
1,منطقة الرياض,Riyadh,3,الرياض,Riyadh,10100003195,الوسام,Al Wasam Dist.,24.912824,46.90553,46
1,منطقة الرياض,Riyadh,24,المجمعة,Al Majma'ah,10100024002,اليرموك,Al Yarmuk Dist.,25.914359,45.359808,3
1,منطقة الرياض,Riyadh,24,المجمعة,Al Majma'ah,10100024004,الملك فهد,King Fahd Dist.,25.898456,45.344517,8
1,منطقة الرياض,Riyadh,24,المجمعة,Al Majma'ah,10100024006,الملك عبدالعزيز,King Abdulaziz Dist.,25.906807,45.361973,7
1,منطقة الرياض,Riyadh,24,المجمعة,Al Majma'ah,10100024007,الاندلس,Al Andalus Dist.,25.918991,45.371197,14
1,منطقة الرياض,Riyadh,24,المجمعة,Al Majma'ah,10100024008,المطار,Al Matar Dist.,25.92134,45.382843,7
1,منطقة الرياض,Riyadh,24,المجمعة,Al Majma'ah,10100024009,الملك عبدالله,King Abdullah Dist.,25.912779,45.392051,13
1,منطقة الرياض,Riyadh,24,المجمعة,Al Majma'ah,10100024012,الجامعيين,Al Jamiyin Dist.,25.901844,45.38183,10
1,منطقة الرياض,Riyadh,24,المجمعة,Al Majma'ah,10100024014,المستقبل,Al Mustaqbal Dist.,25.897244,45.411285,28
1,منطقة الرياض,Riyadh,162,جلاجل,Jalajil,10100162006,الملك فيصل,King Faisal Dist.,25.718448,45.463519,7
1,منطقة الرياض,Riyadh,165,حوطة سدير,Hawtat Sudair,10100165004,الربعة,Ar Rabah Dist.,25.601333,45.609351,4
1,منطقة الرياض,Riyadh,165,حوطة سدير,Hawtat Sudair,10100165007,بدر,Badr Dist.,25.601442,45.629446,3
1,منطقة الرياض,Riyadh,165,حوطة سدير,Hawtat Sudair,10100165014,المروج,Al Muruj Dist.,25.609767,45.633141,3
1,منطقة الرياض,Riyadh,168,الارطاوية,Al Artawiyah,10100168001,سلطانة,Sultanah Dist.,26.497368,45.351036,3
1,منطقة الرياض,Riyadh,168,الارطاوية,Al Artawiyah,10100168002,الفيحاء,Al Fayha Dist.,26.493409,45.355699,3
1,منطقة الرياض,Riyadh,168,الارطاوية,Al Artawiyah,10100168006,الورود,Al Wurud Dist.,26.5446,45.342418,4
1,منطقة الرياض,Riyadh,168,الارطاوية,Al Artawiyah,10100168009,المصيف,Al Masif Dist.,26.51693,45.35762,4
1,منطقة الرياض,Riyadh,270,الزلفي,Az Zulfi,10100270001,حطين,Hiteen Dist.,26.328684,44.878056,8
1,منطقة الرياض,Riyadh,270,الزلفي,Az Zulfi,10100270002,قرطبة,Qurtubah Dist.,26.318286,44.843326,3
1,منطقة الرياض,Riyadh,270,الزلفي,Az Zulfi,10100270004,العزيزية,Al Aziziyah Dist.,26.298909,44.806462,11
1,منطقة الرياض,Riyadh,270,الزلفي,Az Zulfi,10100270006,الخالدية,Al Khalidiyah Dist.,26.294906,44.814611,7
1,منطقة الرياض,Riyadh,270,الزلفي,Az Zulfi,10100270009,الريان,Ar Riyan Dist.,26.308158,44.88354,4
1,منطقة الرياض,Riyadh,270,الزلفي,Az Zulfi,10100270010,النهضة,An Nahdah Dist.,26.293558,44.888386,9
1,منطقة الرياض,Riyadh,270,الزلفي,Az Zulfi,10100270016,الفاروق,Al Farouq Dist.,26.307174,44.818549,5
1,منطقة الرياض,Riyadh,270,الزلفي,Az Zulfi,10100270017,الصديق,As Sediq Dist.,26.298514,44.823609,5
1,منطقة الرياض,Riyadh,270,الزلفي,Az Zulfi,10100270018,اليرموك,Al Yarmok Dist.,26.316877,44.813344,10
1,منطقة الرياض,Riyadh,270,الزلفي,Az Zulfi,10100270020,اليمامة,Al Yamamah Dist.,26.311838,44.797506,5
1,منطقة الرياض,Riyadh,270,الزلفي,Az Zulfi,10100270023,المنتزة,Al Muntazah Dist.,26.340096,44.870974,8
1,منطقة الرياض,Riyadh,270,الزلفي,Az Zulfi,10100270026,السلام,As Salam Dist.,26.318212,44.827446,8
1,منطقة الرياض,Riyadh,270,الزلفي,Az Zulfi,10100270027,السيح,As Sieh Dist.,26.318654,44.807084,6
1,منطقة الرياض,Riyadh,270,الزلفي,Az Zulfi,10100270028,عريعرة,Urierah Dist.,26.332679,44.818723,7
1,منطقة الرياض,Riyadh,270,الزلفي,Az Zulfi,10100270029,الورود,Al Wurud Dist.,26.338594,44.881469,10
1,منطقة الرياض,Riyadh,270,الزلفي,Az Zulfi,10100270030,الملك عبدالله,King Abdullah Dist.,26.328744,44.794454,3
1,منطقة الرياض,Riyadh,270,الزلفي,Az Zulfi,10100270036,الياسمين,Al Yasmin Dist.,26.321048,44.892121,5
1,منطقة الرياض,Riyadh,270,الزلفي,Az Zulfi,10100270044,المنار,Al Manar Dist.,26.341185,44.808411,10
1,منطقة الرياض,Riyadh,270,الزلفي,Az Zulfi,10100270046,الندى,An Nada Dist.,26.308466,44.893331,12
1,منطقة الرياض,Riyadh,270,الزلفي,Az Zulfi,10100270048,السيح,As Sieh Dist.,26.318654,44.807084,6
1,منطقة الرياض,Riyadh,270,الزلفي,Az Zulfi,10100270050,الملك سلمان,King Salman Dist.,26.278291,44.829328,3
1,منطقة الرياض,Riyadh,306,الغاط,Al Ghat,10100306005,المصيف,Al Masiaf Dist.,26.038769,44.939838,5
1,منطقة الرياض,Riyadh,443,ثادق,Thadiq,10100443005,الجنادرية,Al Janadriyah Dist.,25.270342,45.86183,6
1,منطقة الرياض,Riyadh,500,شقراء,Shaqra',10100500006,الروضة,Ar Rawdah Dist.,25.24216,45.25382,4
1,منطقة الرياض,Riyadh,500,شقراء,Shaqra',10100500009,الرحبة,Al Rehab Dist.,25.25606,45.232876,3
1,منطقة الرياض,Riyadh,574,القصب,Al Qasab,10100574007,الفيصلية,Al Faisaliyah Dist.,25.299974,45.538626,3
1,منطقة الرياض,Riyadh,669,الدوادمي,Ad Duwadimi,10100669003,حطين,Hiteen Dist.,24.542884,44.426998,5
1,منطقة الرياض,Riyadh,669,الدوادمي,Ad Duwadimi,10100669005,الحرمين,Al Haramain Dist.,24.520884,44.414781,4
1,منطقة الرياض,Riyadh,669,الدوادمي,Ad Duwadimi,10100669016,الخالدية,Al Khalidiyah Dist.,24.515282,44.38446,7
1,منطقة الرياض,Riyadh,669,الدوادمي,Ad Duwadimi,10100669018,الريان,Ar Rayan Dist.,24.551161,44.443825,7
1,منطقة الرياض,Riyadh,669,الدوادمي,Ad Duwadimi,10100669019,السنبلة,As Sunbulah Dist.,24.493639,44.354454,6
1,منطقة الرياض,Riyadh,795,حريملاء,Huraymila,10100795002,النخيل,Al Nakhil Dist.,25.127369,46.125153,4
1,منطقة الرياض,Riyadh,795,حريملاء,Huraymila,10100795003,السد,As Sad Dist.,25.104884,46.089562,3
1,منطقة الرياض,Riyadh,795,حريملاء,Huraymila,10100795005,النهضة,An Nahdah Dist.,25.108178,46.100459,5
1,منطقة الرياض,Riyadh,828,الدرعية,Ad Dir'iyah,10100828002,الفيصلية,Al Faisaliyah Dist.,24.746561,46.573668,4
1,منطقة الرياض,Riyadh,828,الدرعية,Ad Dir'iyah,10100828007,الخالدية,Al Khalidiyah Dist.,24.749207,46.569045,4
1,منطقة الرياض,Riyadh,828,الدرعية,Ad Dir'iyah,10100828008,العاصمة,Al Asemah Dist.,24.765707,46.572007,6
1,منطقة الرياض,Riyadh,828,الدرعية,Ad Dir'iyah,10100828014,ظهرة العودة غرب,West Dhahrat Al Oudah Dist.,24.739719,46.511642,8
1,منطقة الرياض,Riyadh,828,الدرعية,Ad Dir'iyah,10100828018,ظهرة العودة شرق,East Dhahrat Al Oudah Dist.,24.747689,46.5235,19
1,منطقة الرياض,Riyadh,839,ضرما,Duruma,10100839002,اليمامة,Al Yamamah Dist.,24.611538,46.099112,8
1,منطقة الرياض,Riyadh,839,ضرما,Duruma,10100839004,العزيزية,Al Aziziyah Dist.,24.60597,46.129124,6
1,منطقة الرياض,Riyadh,839,ضرما,Duruma,10100839008,البديع الغربي,Al Badi Al Gharbi Dist.,24.597357,46.129061,3
1,منطقة الرياض,Riyadh,839,ضرما,Duruma,10100839010,البديع الشرقي,Al Badi Ash Sharqi Dist.,24.590202,46.135102,4
1,منطقة الرياض,Riyadh,880,القويعية,Al Quway'iyah,10100880001,ابو سليم,Abu Salim Dist.,24.083552,45.281277,4
1,منطقة الرياض,Riyadh,880,القويعية,Al Quway'iyah,10100880007,الزهور,Az Zuhur Dist.,24.061557,45.280977,4
1,منطقة الرياض,Riyadh,990,المزاحمية,Al Muzahimiyah,10100990002,الحزيمية,Al Huzaymiyyah Dist.,24.48261,46.297872,5
1,منطقة الرياض,Riyadh,990,المزاحمية,Al Muzahimiyah,10100990004,المروج,Al Muruj Dist.,24.47976,46.273907,8
1,منطقة الرياض,Riyadh,990,المزاحمية,Al Muzahimiyah,10100990005,شخيب,Shukhib Dist.,24.490813,46.263234,3
1,منطقة الرياض,Riyadh,990,المزاحمية,Al Muzahimiyah,10100990006,طويق,Tuwik Dist.,24.474392,46.290313,15
1,منطقة الرياض,Riyadh,990,المزاحمية,Al Muzahimiyah,10100990007,الأندلس,Al Andalus Dist.,24.465628,46.28202,6
1,منطقة الرياض,Riyadh,990,المزاحمية,Al Muzahimiyah,10100990009,الهدا,Al Hada Dist.,24.456541,46.269499,16
1,منطقة الرياض,Riyadh,990,المزاحمية,Al Muzahimiyah,10100990010,العليا,Al Olaya Dist.,24.460329,46.277944,7
1,منطقة الرياض,Riyadh,990,المزاحمية,Al Muzahimiyah,10100990011,نواره,Nawarah Dist.,24.46348,46.295716,18
1,منطقة الرياض,Riyadh,990,المزاحمية,Al Muzahimiyah,10100990012,وسيلة,Waselah Dist.,24.489824,46.31402,11
1,منطقة الرياض,Riyadh,990,المزاحمية,Al Muzahimiyah,10100990013,اللؤلؤة,Al Luluah Dist.,24.465717,46.226299,7
1,منطقة الرياض,Riyadh,990,المزاحمية,Al Muzahimiyah,10100990014,الراشدية,Al Rashidiyah Dist.,24.455466,46.247911,6
1,منطقة الرياض,Riyadh,990,المزاحمية,Al Muzahimiyah,10100990015,الغطغط,Al Ghtght Dist.,24.47649,46.242548,7
1,منطقة الرياض,Riyadh,990,المزاحمية,Al Muzahimiyah,10100990016,الريف,Al Rif Dist.,24.456864,46.258342,8
1,منطقة الرياض,Riyadh,990,المزاحمية,Al Muzahimiyah,10100990018,المحمدية,Al Muhammadiyah Dist.,24.444292,46.25325,3
1,منطقة الرياض,Riyadh,990,المزاحمية,Al Muzahimiyah,10100990019,الواحة,Al Wahah Dist.,24.439488,46.264656,6
1,منطقة الرياض,Riyadh,990,المزاحمية,Al Muzahimiyah,10100990022,الجامعة,Al Jamiah Dist.,24.485767,46.255488,5
1,منطقة الرياض,Riyadh,990,المزاحمية,Al Muzahimiyah,10100990023,الورود,Al Wurud Dist.,24.48116,46.267509,13
1,منطقة الرياض,Riyadh,990,المزاحمية,Al Muzahimiyah,10100990024,الياسمين,Al Yasmin Dist.,24.437715,46.294814,3
1,منطقة الرياض,Riyadh,990,المزاحمية,Al Muzahimiyah,10100990025,الشلال,Al Shlal Dist.,24.446585,46.259509,3
1,منطقة الرياض,Riyadh,1061,الخرج,Al Kharj,10101061008,الورود,Al Wurud Dist.,24.167194,47.309286,16
1,منطقة الرياض,Riyadh,1061,الخرج,Al Kharj,10101061009,السلام,As Salam Dist.,24.154762,47.317672,27
1,منطقة الرياض,Riyadh,1061,الخرج,Al Kharj,10101061011,اليمامة,Al Yamamah Dist.,24.18883,47.32538,6
1,منطقة الرياض,Riyadh,1061,الخرج,Al Kharj,10101061012,الخالدية,Al Khalidiyah Dist.,24.13044,47.280651,17
1,منطقة الرياض,Riyadh,1061,الخرج,Al Kharj,10101061015,مشرف,Mishrif Dist.,24.101331,47.271811,64
1,منطقة الرياض,Riyadh,1061,الخرج,Al Kharj,10101061018,الناصفة,An Nasifah Dist.,24.178227,47.298209,13
1,منطقة الرياض,Riyadh,1061,الخرج,Al Kharj,10101061021,النهضة,An Nahdah Dist.,24.154062,47.327701,20
1,منطقة الرياض,Riyadh,1061,الخرج,Al Kharj,10101061025,الفيصلية,Al Faisaliyah Dist.,24.161578,47.366345,28
1,منطقة الرياض,Riyadh,1061,الخرج,Al Kharj,10101061026,الزاهر,Az Zahir Dist.,24.12222,47.391129,11
1,منطقة الرياض,Riyadh,1061,الخرج,Al Kharj,10101061028,العالية,Al Aliyah Dist.,24.16961,47.349605,12
1,منطقة الرياض,Riyadh,1061,الخرج,Al Kharj,10101061030,العدامة,Al Adamah Dist.,24.082994,47.221065,37
1,منطقة الرياض,Riyadh,1061,الخرج,Al Kharj,10101061031,القطار,Al Qitar Dist.,24.261752,47.311689,3
1,منطقة الرياض,Riyadh,1061,الخرج,Al Kharj,10101061034,الجامعة,Al Jamiah Dist.,24.127203,47.261505,15
1,منطقة الرياض,Riyadh,1061,الخرج,Al Kharj,10101061038,اليرموك,Al Yarmuk Dist.,24.145658,47.388328,25
1,منطقة الرياض,Riyadh,1061,الخرج,Al Kharj,10101061042,الهدا,Al Hada Dist.,24.087937,47.294053,21
1,منطقة الرياض,Riyadh,1073,الدلم,Ad Dilam,10101073001,الخالدية,Al Khalidiyah Dist.,24.022855,47.173669,7
1,منطقة الرياض,Riyadh,1073,الدلم,Ad Dilam,10101073011,الناصرية,An Nasriyah Dist.,23.99299,47.170592,7
1,منطقة الرياض,Riyadh,1073,الدلم,Ad Dilam,10101073013,النهضة,An Nahdah Dist.,24.0014,47.114723,9
1,منطقة الرياض,Riyadh,1351,وادي الدواسر,Wadi Ad Dawasir,10101351024,العقيق,Al Aqiq Dist.,20.475996,44.77294,3
1,منطقة الرياض,Riyadh,3161,حوطة بني تميم,Hawtat Bani Tamim,10103161011,المصيف,Al Masiaf Dist.,23.452964,46.872547,4
1,منطقة الرياض,Riyadh,3161,حوطة بني تميم,Hawtat Bani Tamim,10103161014,السلام,As Salam Dist.,23.494702,46.870441,3
2,منطقة مكة المكرمة,Makkah,5,الطائف,At Taif,10200005002,ضاحية الاسكان,Dhahiyat Al Iskan  Dist.,21.369088,40.619592,3
2,منطقة مكة المكرمة,Makkah,5,الطائف,At Taif,10200005004,السيل الكبير,As Sail Al Kabeer  Dist.,21.624508,40.426263,10
2,منطقة مكة المكرمة,Makkah,5,الطائف,At Taif,10200005024,القمرية,Al Qumariyyah  Dist.,21.280498,40.428599,3
2,منطقة مكة المكرمة,Makkah,5,الطائف,At Taif,10200005051,الجفيجف,Al Jafijif Dist.,21.298938,40.440068,4
2,منطقة مكة المكرمة,Makkah,5,الطائف,At Taif,10200005052,الرحاب,Al Rehab Dist.,21.43998,40.428025,21
2,منطقة مكة المكرمة,Makkah,5,الطائف,At Taif,10200005062,النسيم,Al Naseem Dist.,21.262162,40.465608,3
2,منطقة مكة المكرمة,Makkah,5,الطائف,At Taif,10200005076,الواسط,Al Wasit  Dist.,21.475472,40.468989,3
2,منطقة مكة المكرمة,Makkah,5,الطائف,At Taif,10200005087,الاخباب,Akhbab Dist.,21.226086,40.36993,9
2,منطقة مكة المكرمة,Makkah,5,الطائف,At Taif,10200005089,السداد,As Sadad Dist.,21.231045,40.414679,3
2,منطقة مكة المكرمة,Makkah,5,الطائف,At Taif,10200005099,الحلقة الشرقية,Al Halqah Asharqiyyah Dist.,21.349504,40.452879,4
2,منطقة مكة المكرمة,Makkah,5,الطائف,At Taif,10200005104,القيم الأعلى,Al Qayam Al Aala Dist.,21.337444,40.431061,4
2,منطقة مكة المكرمة,Makkah,6,مكة المكرمة,Makkah,10200006001,العدل,Al Adl Dist.,21.451229,39.875303,13
2,منطقة مكة المكرمة,Makkah,6,مكة المكرمة,Makkah,10200006002,الروضة,Ar Rawdah Dist.,21.429822,39.855551,5
2,منطقة مكة المكرمة,Makkah,6,مكة المكرمة,Makkah,10200006003,المعابدة,Al Maabdah Dist.,21.43459,39.846365,19
2,منطقة مكة المكرمة,Makkah,6,مكة المكرمة,Makkah,10200006004,الخنساء,Al Khansa Dist.,21.452394,39.84375,7
2,منطقة مكة المكرمة,Makkah,6,مكة المكرمة,Makkah,10200006006,الجميزة,Al Jummayzah Dist.,21.439794,39.830624,27
2,منطقة مكة المكرمة,Makkah,6,مكة المكرمة,Makkah,10200006007,جبل النور,Jabal An Nur Dist.,21.45387,39.86401,5
2,منطقة مكة المكرمة,Makkah,6,مكة المكرمة,Makkah,10200006009,الرصيفة,Ar Rusayfah Dist.,21.409969,39.790019,23
2,منطقة مكة المكرمة,Makkah,6,مكة المكرمة,Makkah,10200006011,الخالدية,Al Khalidiyah Dist.,21.402233,39.798686,21
2,منطقة مكة المكرمة,Makkah,6,مكة المكرمة,Makkah,10200006013,التقوى,At Taqwa Dist.,21.3921,39.819147,4
2,منطقة مكة المكرمة,Makkah,6,مكة المكرمة,Makkah,10200006014,كدي,Kudy Dist.,21.389711,39.836954,7
2,منطقة مكة المكرمة,Makkah,6,مكة المكرمة,Makkah,10200006018,التيسير,At Taysir Dist.,21.424042,39.808704,8
2,منطقة مكة المكرمة,Makkah,6,مكة المكرمة,Makkah,10200006019,جرول,Jarwal Dist.,21.425134,39.815761,8
2,منطقة مكة المكرمة,Makkah,6,مكة المكرمة,Makkah,10200006021,المرسلات,Al Mursalat Dist.,21.401333,39.881606,14
2,منطقة مكة المكرمة,Makkah,6,مكة المكرمة,Makkah,10200006022,العزيزية,Al Aziziyah Dist.,21.41654,39.857994,35
2,منطقة مكة المكرمة,Makkah,6,مكة المكرمة,Makkah,10200006023,الجامعة,Al Jamiah Dist.,21.399262,39.87211,36
2,منطقة مكة المكرمة,Makkah,6,مكة المكرمة,Makkah,10200006024,النسيم,Al Naseem Dist.,21.37324,39.874105,20
2,منطقة مكة المكرمة,Makkah,6,مكة المكرمة,Makkah,10200006025,الزهراء,Az Zahra Dist.,21.428595,39.803472,15
2,منطقة مكة المكرمة,Makkah,6,مكة المكرمة,Makkah,10200006028,الحجون,Al Hujun Dist.,21.433678,39.812622,3
2,منطقة مكة المكرمة,Makkah,6,مكة المكرمة,Makkah,10200006033,الكعكية,Al Kakiyah Dist.,21.377434,39.81175,16
2,منطقة مكة المكرمة,Makkah,6,مكة المكرمة,Makkah,10200006034,الشوقية,Ash Shawqiyah Dist.,21.384655,39.795416,107
2,منطقة مكة المكرمة,Makkah,6,مكة المكرمة,Makkah,10200006035,الهجرة,Al Hijrah Dist.,21.375281,39.839407,25
2,منطقة مكة المكرمة,Makkah,6,مكة المكرمة,Makkah,10200006036,بطحاء قريش,Batha Quraysh Dist.,21.36737,39.828236,222
2,منطقة مكة المكرمة,Makkah,6,مكة المكرمة,Makkah,10200006038,العوالي,Al Awali Dist.,21.351857,39.897319,69
2,منطقة مكة المكرمة,Makkah,6,مكة المكرمة,Makkah,10200006039,الشرائع,Asharai  Dist.,21.47592,39.94776,61
2,منطقة مكة المكرمة,Makkah,6,مكة المكرمة,Makkah,10200006040,الراشدية,Ar Rashidiyah Dist.,21.482924,39.982938,14
2,منطقة مكة المكرمة,Makkah,6,مكة المكرمة,Makkah,10200006041,الخضراء,Al Khadra Dist.,21.466158,39.914704,38
2,منطقة مكة المكرمة,Makkah,6,مكة المكرمة,Makkah,10200006042,الملك فهد,King Fahd Dist.,21.39801,39.772304,95
2,منطقة مكة المكرمة,Makkah,6,مكة المكرمة,Makkah,10200006043,العكيشية,Al Ukayshiyah Dist.,21.35505,39.799672,12
2,منطقة مكة المكرمة,Makkah,6,مكة المكرمة,Makkah,10200006045,الاندلس,Al Andalus Dist.,21.44555,39.822585,8
2,منطقة مكة المكرمة,Makkah,6,مكة المكرمة,Makkah,10200006047,التنعيم,At Tanim Dist.,21.485231,39.808436,28
2,منطقة مكة المكرمة,Makkah,6,مكة المكرمة,Makkah,10200006048,الزاهر,Az Zahir Dist.,21.444546,39.794861,12
2,منطقة مكة المكرمة,Makkah,6,مكة المكرمة,Makkah,10200006050,اجياد,Ajyad Dist.,21.420688,39.830673,7
2,منطقة مكة المكرمة,Makkah,6,مكة المكرمة,Makkah,10200006052,النزهة,An Nuzhah Dist.,21.43523,39.787316,24
2,منطقة مكة المكرمة,Makkah,6,مكة المكرمة,Makkah,10200006053,العتيبية,Al Utaybiyah Dist.,21.443537,39.81765,6
2,منطقة مكة المكرمة,Makkah,6,مكة المكرمة,Makkah,10200006054,الروابي,Ar Rawabi Dist.,21.408118,39.833095,6
2,منطقة مكة المكرمة,Makkah,6,مكة المكرمة,Makkah,10200006056,السلامة,As Salamah Dist.,21.464796,39.788928,55
2,منطقة مكة المكرمة,Makkah,6,مكة المكرمة,Makkah,10200006057,البحيرات,Al Buhayrat Dist.,21.490214,39.781825,76
2,منطقة مكة المكرمة,Makkah,6,مكة المكرمة,Makkah,10200006058,النوارية,An Nawwariyah Dist.,21.530789,39.775778,48
2,منطقة مكة المكرمة,Makkah,6,مكة المكرمة,Makkah,10200006059,الشهداء,Ash Shuhada Dist.,21.457733,39.807767,9
2,منطقة مكة المكرمة,Makkah,6,مكة المكرمة,Makkah,10200006060,وادي جليل,Wadi Jalil Dist.,21.471157,39.843721,71
2,منطقة مكة المكرمة,Makkah,6,مكة المكرمة,Makkah,10200006061,العسيلة,Al Usaylah Dist.,21.502344,39.878813,13
2,منطقة مكة المكرمة,Makkah,6,مكة المكرمة,Makkah,10200006062,جعرانة,Jaranah Dist.,21.552638,39.958622,16
2,منطقة مكة المكرمة,Makkah,6,مكة المكرمة,Makkah,10200006063,البيعة,Al Biyah Dist.,21.457382,40.018993,15
2,منطقة مكة المكرمة,Makkah,6,مكة المكرمة,Makkah,10200006064,المغمس,Al Mughams Dist.,21.445699,39.976428,6
2,منطقة مكة المكرمة,Makkah,6,مكة المكرمة,Makkah,10200006065,التروية,At Tarwiyah Dist.,21.46787,39.97009,23
2,منطقة مكة المكرمة,Makkah,6,مكة المكرمة,Makkah,10200006066,الشرائع,Ash Sharia Dist.,21.47592,39.94776,61
2,منطقة مكة المكرمة,Makkah,6,مكة المكرمة,Makkah,10200006067,السلام,As Salam Dist.,21.463462,39.955801,6
2,منطقة مكة المكرمة,Makkah,6,مكة المكرمة,Makkah,10200006068,الكوثر,Al Kawthar Dist.,21.456092,39.965447,12
2,منطقة مكة المكرمة,Makkah,18,جدة,Jeddah,10200018001,الزمرد,Az Zomorod Dist.,21.80109,39.062597,282
2,منطقة مكة المكرمة,Makkah,18,جدة,Jeddah,10200018002,اللؤلؤ,Al Loaloa Dist.,21.766227,39.064582,166
2,منطقة مكة المكرمة,Makkah,18,جدة,Jeddah,10200018003,الياقوت,Al Yaqoot Dist.,21.783391,39.081334,381
2,منطقة مكة المكرمة,Makkah,18,جدة,Jeddah,10200018004,الصوارى,As Swaryee Dist.,21.788516,39.102984,1320
2,منطقة مكة المكرمة,Makkah,18,جدة,Jeddah,10200018005,الامواج,Al Amwaj Dist.,21.752596,39.078004,57
2,منطقة مكة المكرمة,Makkah,18,جدة,Jeddah,10200018006,الشراع,Ash Sheraa Dist.,21.765482,39.094176,306
2,منطقة مكة المكرمة,Makkah,18,جدة,Jeddah,10200018007,الفردوس,Al Ferdous Dist.,21.782305,39.115938,28
2,منطقة مكة المكرمة,Makkah,18,جدة,Jeddah,10200018008,الفلاح,Al Falah Dist.,21.783176,39.190062,184
2,منطقة مكة المكرمة,Makkah,18,جدة,Jeddah,10200018009,الاصالة,Al Asalah Dist.,21.773483,39.162424,28
2,منطقة مكة المكرمة,Makkah,18,جدة,Jeddah,10200018010,مريخ,Mraykh Dist.,21.545305,39.28907,414
2,منطقة مكة المكرمة,Makkah,18,جدة,Jeddah,10200018013,الرياض,Ar Riyadh Dist.,21.864625,39.1861,541
2,منطقة مكة المكرمة,Makkah,18,جدة,Jeddah,10200018014,الفروسية,Al Frosyah Dist.,21.82733,39.209491,90
2,منطقة مكة المكرمة,Makkah,18,جدة,Jeddah,10200018015,الرحمانية,Ar Rahmaniyah Dist.,21.791731,39.214961,518
2,منطقة مكة المكرمة,Makkah,18,جدة,Jeddah,10200018016,الصالحية,As Salhiyah Dist.,21.765308,39.219292,265
2,منطقة مكة المكرمة,Makkah,18,جدة,Jeddah,10200018017,الحمدانية,Al Hamadaniyah Dist.,21.756061,39.194251,192
2,منطقة مكة المكرمة,Makkah,18,جدة,Jeddah,10200018018,الريان,Ar Rayaan Dist.,21.68519,39.213752,1031
2,منطقة مكة المكرمة,Makkah,18,جدة,Jeddah,10200018019,أم حبلين الغربية,Um Hableen Al Gharbiyyah Dist.,21.708024,39.216072,99
2,منطقة مكة المكرمة,Makkah,18,جدة,Jeddah,10200018020,بريمان,Bryman Dist.,21.656567,39.221516,27
2,منطقة مكة المكرمة,Makkah,18,جدة,Jeddah,10200018025,العدل,Al Adel Dist.,21.442731,39.285551,8
2,منطقة مكة المكرمة,Makkah,18,جدة,Jeddah,10200018027,المحجر,Al Mahjar Dist.,21.441127,39.201788,5
2,منطقة مكة المكرمة,Makkah,18,جدة,Jeddah,10200018028,النهضة,An Nahdah Dist.,21.612695,39.126491,887
2,منطقة مكة المكرمة,Makkah,18,جدة,Jeddah,10200018029,الخالدية,Al Khalidiyah Dist.,21.567766,39.137154,72
2,منطقة مكة المكرمة,Makkah,18,جدة,Jeddah,10200018030,جامعة الملك عبدالعزيز,King Abdulaziz University,21.49628,39.25258,5
2,منطقة مكة المكرمة,Makkah,18,جدة,Jeddah,10200018031,النخيل,Al Nakhil Dist.,21.521758,39.258062,46
2,منطقة مكة المكرمة,Makkah,18,جدة,Jeddah,10200018032,البغدادية الشرقية,Al Baghdadiyah Ash Sharqiyah Dist.,21.501836,39.199014,6
2,منطقة مكة المكرمة,Makkah,18,جدة,Jeddah,10200018034,البوادي,Al Bawadi Dist.,21.608335,39.163075,408
2,منطقة مكة المكرمة,Makkah,18,جدة,Jeddah,10200018035,السلامة,As Salamah Dist.,21.592189,39.153575,2697
2,منطقة مكة المكرمة,Makkah,18,جدة,Jeddah,10200018036,الثغر,Ath Thaghr Dist.,21.477455,39.230909,5
2,منطقة مكة المكرمة,Makkah,18,جدة,Jeddah,10200018037,الشرفية,Ash Sharafiyah Dist.,21.519931,39.18889,42
2,منطقة مكة المكرمة,Makkah,18,جدة,Jeddah,10200018040,السنابل,As Sanabel Dist.,21.397276,39.274197,24
2,منطقة مكة المكرمة,Makkah,18,جدة,Jeddah,10200018045,البركة,Al Barakah Dist.,21.250319,39.277641,5
2,منطقة مكة المكرمة,Makkah,18,جدة,Jeddah,10200018046,المسرة,Al Masarah Dist.,21.249619,39.24864,9
2,منطقة مكة المكرمة,Makkah,18,جدة,Jeddah,10200018047,المليساء,Al Moulysaa Dist.,21.264522,39.21282,20
2,منطقة مكة المكرمة,Makkah,18,جدة,Jeddah,10200018049,الوادي,Al Wadi Dist.,21.317879,39.176984,5
2,منطقة مكة المكرمة,Makkah,18,جدة,Jeddah,10200018050,الفضيلة,Al Fadeylah Dist.,21.3064,39.271287,74
2,منطقة مكة المكرمة,Makkah,18,جدة,Jeddah,10200018051,التعاون,At Taawun Dist.,21.339954,39.26353,26
2,منطقة مكة المكرمة,Makkah,18,جدة,Jeddah,10200018052,السروات,As Sarawat Dist.,21.35457,39.204938,7
2,منطقة مكة المكرمة,Makkah,18,جدة,Jeddah,10200018053,الخمرة,Al Khomrah Dist.,21.335003,39.247315,38
2,منطقة مكة المكرمة,Makkah,18,جدة,Jeddah,10200018055,القرينية,Al Qryniah Dist.,21.309694,39.24792,112
2,منطقة مكة المكرمة,Makkah,18,جدة,Jeddah,10200018056,النزلة اليمانية,An Nazlah Al Yamaniyah Dist.,21.462083,39.20811,3
2,منطقة مكة المكرمة,Makkah,18,جدة,Jeddah,10200018057,النسيم,Al Naseem Dist.,21.515551,39.233908,94
2,منطقة مكة المكرمة,Makkah,18,جدة,Jeddah,10200018059,غليل,Ghulail Dist.,21.45126,39.205083,3
2,منطقة مكة المكرمة,Makkah,18,جدة,Jeddah,10200018064,الروضة,Ar Rawdah Dist.,21.57348,39.162006,1991
2,منطقة مكة المكرمة,Makkah,18,جدة,Jeddah,10200018065,بنى مالك,Bani Malik Dist.,21.536979,39.234868,189
2,منطقة مكة المكرمة,Makkah,18,جدة,Jeddah,10200018066,الفيصلية,Al Faisaliyah Dist.,21.56929,39.182545,703
2,منطقة مكة المكرمة,Makkah,18,جدة,Jeddah,10200018067,الرحاب,Al Rehab Dist.,21.557724,39.22196,151
2,منطقة مكة المكرمة,Makkah,18,جدة,Jeddah,10200018068,العزيزية,Al Aziziyah Dist.,21.551963,39.192692,251
2,منطقة مكة المكرمة,Makkah,18,جدة,Jeddah,10200018069,مشرفة,Mishrifah Dist.,21.53898,39.194394,199
2,منطقة مكة المكرمة,Makkah,18,جدة,Jeddah,10200018070,الورود,Al Wurud Dist.,21.516414,39.200351,116
2,منطقة مكة المكرمة,Makkah,18,جدة,Jeddah,10200018071,الواحة,Al Wahah Dist.,21.561469,39.2417,861
2,منطقة مكة المكرمة,Makkah,18,جدة,Jeddah,10200018072,ابرق الرغامة,Abruq Ar Rughamah Dist.,21.50158,39.278528,33
2,منطقة مكة المكرمة,Makkah,18,جدة,Jeddah,10200018073,السليمانية,As Sulaymaniyah Dist.,21.503526,39.252669,126
2,منطقة مكة المكرمة,Makkah,18,جدة,Jeddah,10200018074,الساحل,As Sahil Dist.,21.315495,39.13928,20
2,منطقة مكة المكرمة,Makkah,18,جدة,Jeddah,10200018075,البشائر,Al Bashaer Dist.,21.802822,39.17953,94
2,منطقة مكة المكرمة,Makkah,18,جدة,Jeddah,10200018076,المحمدية,Al Muhammadiyah Dist.,21.6522,39.127298,129
2,منطقة مكة المكرمة,Makkah,18,جدة,Jeddah,10200018077,الكوثر,Al Kawthar Dist.,21.728672,39.201188,58
2,منطقة مكة المكرمة,Makkah,18,جدة,Jeddah,10200018078,طيبة,Taibah Dist.,21.80508,39.139239,187
2,منطقة مكة المكرمة,Makkah,18,جدة,Jeddah,10200018079,النعيم,An Naim Dist.,21.616972,39.145542,1594
2,منطقة مكة المكرمة,Makkah,18,جدة,Jeddah,10200018080,البساتين,Al Basatin Dist.,21.687803,39.11534,131
2,منطقة مكة المكرمة,Makkah,18,جدة,Jeddah,10200018081,الربوة,Ar Rabwah Dist.,21.597501,39.183242,535
2,منطقة مكة المكرمة,Makkah,18,جدة,Jeddah,10200018082,النزهة,An Nuzhah Dist.,21.62339,39.167059,1838
2,منطقة مكة المكرمة,Makkah,18,جدة,Jeddah,10200018083,الصفا,As Safa Dist.,21.58474,39.210766,421
2,منطقة مكة المكرمة,Makkah,18,جدة,Jeddah,10200018084,المروة,Al Marwah Dist.,21.615271,39.206537,1192
2,منطقة مكة المكرمة,Makkah,18,جدة,Jeddah,10200018085,السامر,As Samir Dist.,21.58379,39.24534,77
2,منطقة مكة المكرمة,Makkah,18,جدة,Jeddah,10200018086,الاجواد,Al Ajwad Dist.,21.603516,39.250148,84
2,منطقة مكة المكرمة,Makkah,18,جدة,Jeddah,10200018088,المنار,Al Manar Dist.,21.59985,39.232209,416
2,منطقة مكة المكرمة,Makkah,18,جدة,Jeddah,10200018090,الامير عبدالمجيد,Prince Abdul Majeed Dist.,21.432866,39.270232,39
2,منطقة مكة المكرمة,Makkah,18,جدة,Jeddah,10200018092,الجوهرة,Al Jawharah Dist.,21.437796,39.25219,14
2,منطقة مكة المكرمة,Makkah,18,جدة,Jeddah,10200018093,الامير فواز الجنوبى,Al Amir Fawaz Al Janouby Dist.,21.424926,39.304071,9
2,منطقة مكة المكرمة,Makkah,18,جدة,Jeddah,10200018095,الجامعة,Al Jamiah Dist.,21.485383,39.259073,685
2,منطقة مكة المكرمة,Makkah,18,جدة,Jeddah,10200018096,الروابي,Ar Rawabi Dist.,21.48191,39.265407,105
2,منطقة مكة المكرمة,Makkah,18,جدة,Jeddah,10200018098,ام السلم,Um Asalam Dist.,21.460592,39.333066,68
2,منطقة مكة المكرمة,Makkah,18,جدة,Jeddah,10200018100,البغدادية الغربية,Al Baghdadiyah Al Gharbiyah Dist.,21.498998,39.174254,40
2,منطقة مكة المكرمة,Makkah,18,جدة,Jeddah,10200018101,ابحر الشمالية,Abhur Ash Shamaliyah Dist.,21.758255,39.11395,201
2,منطقة مكة المكرمة,Makkah,18,جدة,Jeddah,10200018102,الرويس,Ar Ruwais Dist.,21.511365,39.174095,133
2,منطقة مكة المكرمة,Makkah,18,جدة,Jeddah,10200018104,الاندلس,Al Andalus Dist.,21.549869,39.165501,22
2,منطقة مكة المكرمة,Makkah,18,جدة,Jeddah,10200018105,ابحر الجنوبية,Abhur Al Janubiyah Dist.,21.749267,39.1403,185
2,منطقة مكة المكرمة,Makkah,18,جدة,Jeddah,10200018106,المرجان,Al Murjan Dist.,21.68755,39.104546,71
2,منطقة مكة المكرمة,Makkah,18,جدة,Jeddah,10200018107,السرورية,As Sororyah Dist.,21.393137,39.208589,19
2,منطقة مكة المكرمة,Makkah,18,جدة,Jeddah,10200018108,الاجاويد,Al Ajaweed Dist.,21.402365,39.300809,44
2,منطقة مكة المكرمة,Makkah,18,جدة,Jeddah,10200018109,الشاطئ,Ash Shati Dist.,21.595745,39.111613,201
2,منطقة مكة المكرمة,Makkah,18,جدة,Jeddah,10200018110,مدائن الفهد,Madain Al Fahd Dist.,21.457915,39.242572,22
2,منطقة مكة المكرمة,Makkah,18,جدة,Jeddah,10200018111,الزهراء,Az Zahra Dist.,21.589362,39.134908,948
2,منطقة مكة المكرمة,Makkah,18,جدة,Jeddah,10200018112,الحمراء,Al Hamra Dist.,21.535977,39.165343,459
2,منطقة مكة المكرمة,Makkah,18,جدة,Jeddah,10200018113,الفيحاء,Al Fayha Dist.,21.503221,39.229123,444
2,منطقة مكة المكرمة,Makkah,18,جدة,Jeddah,10200018116,الوفاء,Al Wafa Dist.,21.85356,39.233113,184
2,منطقة مكة المكرمة,Makkah,18,جدة,Jeddah,10200018120,الفنار,Al Fanar Dist.,21.824226,39.07136,108
2,منطقة مكة المكرمة,Makkah,18,جدة,Jeddah,10200018121,السهل,Al Sahl Dist.,21.386639,39.432798,4
2,منطقة مكة المكرمة,Makkah,18,جدة,Jeddah,10200018122,الدرة,Ad Durrah Dist.,21.955152,39.026605,33
2,منطقة مكة المكرمة,Makkah,18,جدة,Jeddah,10200018123,المنارات,Al Manarat Dist.,21.823586,39.089366,98
2,منطقة مكة المكرمة,Makkah,18,جدة,Jeddah,10200018124,الربيع,Ar Rabie Dist.,21.935682,39.026286,10
2,منطقة مكة المكرمة,Makkah,18,جدة,Jeddah,10200018125,الحجاز,Al Hijaz Dist.,21.810543,39.234828,4
2,منطقة مكة المكرمة,Makkah,18,جدة,Jeddah,10200018127,الصفوة,Al Safwah Dist.,21.888372,39.214853,77
2,منطقة مكة المكرمة,Makkah,18,جدة,Jeddah,10200018129,النجمة,An Najmah Dist.,21.897756,39.070676,32
2,منطقة مكة المكرمة,Makkah,18,جدة,Jeddah,10200018132,الجزيرة,Al Jazirah Dist.,21.977214,39.04332,51
2,منطقة مكة المكرمة,Makkah,18,جدة,Jeddah,10200018133,الشويضي,Al Shuwaidhi Dist.,21.923393,39.078095,11
2,منطقة مكة المكرمة,Makkah,18,جدة,Jeddah,10200018135,العشيرية,Al Ushayriyyah Dist.,21.898527,39.127411,9
2,منطقة مكة المكرمة,Makkah,18,جدة,Jeddah,10200018141,المروج,Al Muruj Dist.,21.854942,39.000939,51
2,منطقة مكة المكرمة,Makkah,18,جدة,Jeddah,10200018142,الخليج,Al Khalij Dist.,21.899513,39.042254,7
2,منطقة مكة المكرمة,Makkah,18,جدة,Jeddah,10200018143,البحيرات,Al Buhayrat Dist.,21.821662,39.039926,79
2,منطقة مكة المكرمة,Makkah,18,جدة,Jeddah,10200018145,الغربية,Al Gharbiyyah Dist.,21.915076,39.11736,12
2,منطقة مكة المكرمة,Makkah,18,جدة,Jeddah,10200018146,الزهور,Al Zahur Dist.,21.894332,39.108404,6
2,منطقة مكة المكرمة,Makkah,18,جدة,Jeddah,10200018150,بلدة ذهبان,Dhahban Town Dist.,21.934052,39.118213,14
2,منطقة مكة المكرمة,Makkah,18,جدة,Jeddah,10200018151,حكومي,Governmental,21.82722,39.14727,40
2,منطقة مكة المكرمة,Makkah,18,جدة,Jeddah,10200018153,النور,Al Nur Dist.,21.860476,39.06722,70
2,منطقة مكة المكرمة,Makkah,18,جدة,Jeddah,10200018155,حكومي,Governmental,21.82722,39.14727,40
2,منطقة مكة المكرمة,Makkah,18,جدة,Jeddah,10200018156,الغدير,Al Ghadir Dist.,21.92477,39.058943,36
2,منطقة مكة المكرمة,Makkah,18,جدة,Jeddah,10200018157,الفرقان,Al Furqan Dist.,21.988672,39.102954,24
2,منطقة مكة المكرمة,Makkah,18,جدة,Jeddah,10200018161,قباء,Quba Dist.,21.822965,39.134316,24
2,منطقة مكة المكرمة,Makkah,18,جدة,Jeddah,10200018169,الصفحة,Al Safhah Dist.,21.868178,39.247877,4
2,منطقة مكة المكرمة,Makkah,18,جدة,Jeddah,10200018170,اليسر,Al Yusr Dist.,21.977687,39.065174,17
2,منطقة مكة المكرمة,Makkah,18,جدة,Jeddah,10200018171,العبير,Al Abeer Dist.,21.946978,39.061869,11
2,منطقة مكة المكرمة,Makkah,377,رابغ,Rabigh,10200377007,المرجانية,Al Marjaniyah Dist.,22.792573,39.059912,29
2,منطقة مكة المكرمة,Makkah,1105,خليص,Khulays,10201105001,الفيصلية,Al Faisaliyah Dist.,22.196441,39.285602,3
2,منطقة مكة المكرمة,Makkah,1257,الجموم,Al Jumum,10201257007,النخيل,Al Nakhil Dist.,21.613312,39.693026,9
3,منطقة المدينة المنورة,Madinah,14,المدينة المنورة,Madinah,10300014002,السكب,As Sakb Dist.,24.356107,39.565721,103
3,منطقة المدينة المنورة,Madinah,14,المدينة المنورة,Madinah,10300014003,الجصة,Al Jassah Dist.,24.35818,39.609728,34
3,منطقة المدينة المنورة,Madinah,14,المدينة المنورة,Madinah,10300014004,رهط,Raht Dist.,24.375546,39.629509,9
3,منطقة المدينة المنورة,Madinah,14,المدينة المنورة,Madinah,10300014005,بني بياضة,Bani Bayadah Dist.,24.382649,39.591429,52
3,منطقة المدينة المنورة,Madinah,14,المدينة المنورة,Madinah,10300014006,نبلاء,Nubala Dist.,24.382537,39.664053,119
3,منطقة المدينة المنورة,Madinah,14,المدينة المنورة,Madinah,10300014008,الرمانة,Ar Rumanah Dist.,24.390724,39.678769,13
3,منطقة المدينة المنورة,Madinah,14,المدينة المنورة,Madinah,10300014009,ابو كبير,Abu Kabir Dist.,24.396618,39.528747,5
3,منطقة المدينة المنورة,Madinah,14,المدينة المنورة,Madinah,10300014010,الغراء,Al Gharra Dist.,24.412739,39.673045,37
3,منطقة المدينة المنورة,Madinah,14,المدينة المنورة,Madinah,10300014011,السد,As Sad Dist.,24.40172,39.635557,43
3,منطقة المدينة المنورة,Madinah,14,المدينة المنورة,Madinah,10300014012,الجابرة,Al Jabirah Dist.,24.412488,39.585833,24
3,منطقة المدينة المنورة,Madinah,14,المدينة المنورة,Madinah,10300014013,الرانوناء,Ar Ranuna Dist.,24.386794,39.602822,182
3,منطقة المدينة المنورة,Madinah,14,المدينة المنورة,Madinah,10300014014,الحديقة,Al Hadiqah Dist.,24.42016,39.614269,9
3,منطقة المدينة المنورة,Madinah,14,المدينة المنورة,Madinah,10300014016,الروابي,Ar Rawabi Dist.,24.4135,39.65602,80
3,منطقة المدينة المنورة,Madinah,14,المدينة المنورة,Madinah,10300014017,القصواء,Al Qaswa Dist.,24.427526,39.589065,29
3,منطقة المدينة المنورة,Madinah,14,المدينة المنورة,Madinah,10300014019,الخاتم,Al Khatim Dist.,24.423472,39.621298,5
3,منطقة المدينة المنورة,Madinah,14,المدينة المنورة,Madinah,10300014020,العزيزية,Al Aziziyah Dist.,24.4239,39.496594,74
3,منطقة المدينة المنورة,Madinah,14,المدينة المنورة,Madinah,10300014021,العهن,Al Ihn Dist.,24.426554,39.634607,7
3,منطقة المدينة المنورة,Madinah,14,المدينة المنورة,Madinah,10300014022,ذو الحليفة,Dhu Al Hulayfah Dist.,24.439021,39.573919,14
3,منطقة المدينة المنورة,Madinah,14,المدينة المنورة,Madinah,10300014023,وادي مهزور,Wadi Mahzur Dist.,24.440704,39.657896,12
3,منطقة المدينة المنورة,Madinah,14,المدينة المنورة,Madinah,10300014024,الدويمة,Ad Duwaimah Dist.,24.446664,39.609492,6
3,منطقة المدينة المنورة,Madinah,14,المدينة المنورة,Madinah,10300014025,وادي مذينب,Wadi Mudhainib Dist.,24.435426,39.672376,100
3,منطقة المدينة المنورة,Madinah,14,المدينة المنورة,Madinah,10300014026,عين الخيف,Ayn Al Khif Dist.,24.438455,39.689717,71
3,منطقة المدينة المنورة,Madinah,14,المدينة المنورة,Madinah,10300014027,عروة,Urwah Dist.,24.446716,39.58497,5
3,منطقة المدينة المنورة,Madinah,14,المدينة المنورة,Madinah,10300014028,الظاهرة,Al Dhahirah Dist.,24.446497,39.600197,21
3,منطقة المدينة المنورة,Madinah,14,المدينة المنورة,Madinah,10300014029,الشريبات,Ash Shuraybat Dist.,24.450619,39.641876,6
3,منطقة المدينة المنورة,Madinah,14,المدينة المنورة,Madinah,10300014031,الجمعة,Al Jumah Dist.,24.447732,39.619708,4
3,منطقة المدينة المنورة,Madinah,14,المدينة المنورة,Madinah,10300014032,المغيسلة,Al Mughaisilah Dist.,24.454772,39.605752,16
3,منطقة المدينة المنورة,Madinah,14,المدينة المنورة,Madinah,10300014034,الدفاع,Ad Difa Dist.,24.446678,39.518356,151
3,منطقة المدينة المنورة,Madinah,14,المدينة المنورة,Madinah,10300014035,سكة الحديد,Sikkah Al Hadid Dist.,24.448532,39.494454,44
3,منطقة المدينة المنورة,Madinah,14,المدينة المنورة,Madinah,10300014037,الاصيفرين,Al Usayfirin Dist.,24.461458,39.59107,13
3,منطقة المدينة المنورة,Madinah,14,المدينة المنورة,Madinah,10300014039,بني ظفر,Bani Dhafir Dist.,24.464746,39.632802,8
3,منطقة المدينة المنورة,Madinah,14,المدينة المنورة,Madinah,10300014040,الاسكان,Al Iskan Dist.,24.465106,39.644604,24
3,منطقة المدينة المنورة,Madinah,14,المدينة المنورة,Madinah,10300014041,الخالدية,Al Khalidiyah Dist.,24.463251,39.660332,32
3,منطقة المدينة المنورة,Madinah,14,المدينة المنورة,Madinah,10300014042,الجماوات,Al Jamawat Dist.,24.465101,39.56394,33
3,منطقة المدينة المنورة,Madinah,14,المدينة المنورة,Madinah,10300014045,جشم,Josham Dist.,24.457109,39.67815,18
3,منطقة المدينة المنورة,Madinah,14,المدينة المنورة,Madinah,10300014046,الهدراء,Al Hadra Dist.,24.43742,39.70097,6
3,منطقة المدينة المنورة,Madinah,14,المدينة المنورة,Madinah,10300014047,السيح,As Sih Dist.,24.469727,39.595439,8
3,منطقة المدينة المنورة,Madinah,14,المدينة المنورة,Madinah,10300014048,المصانع,Al Masani Dist.,24.484309,39.608977,9
3,منطقة المدينة المنورة,Madinah,14,المدينة المنورة,Madinah,10300014049,القبلتين,Al Qiblatayn Dist.,24.480984,39.572599,22
3,منطقة المدينة المنورة,Madinah,14,المدينة المنورة,Madinah,10300014050,السلام,As Salam Dist.,24.478734,39.495986,98
3,منطقة المدينة المنورة,Madinah,14,المدينة المنورة,Madinah,10300014052,المبعوث,Al Mabuth Dist.,24.483883,39.683384,32
3,منطقة المدينة المنورة,Madinah,14,المدينة المنورة,Madinah,10300014053,الجامعة,Al Jamiah Dist.,24.475319,39.561281,11
3,منطقة المدينة المنورة,Madinah,14,المدينة المنورة,Madinah,10300014054,بني حارثة,Bani Harithah Dist.,24.488379,39.627749,27
3,منطقة المدينة المنورة,Madinah,14,المدينة المنورة,Madinah,10300014055,بئر عثمان,Bir Uthman Dist.,24.489013,39.579944,14
3,منطقة المدينة المنورة,Madinah,14,المدينة المنورة,Madinah,10300014056,شظاة,Shidhat Dist.,24.49145,39.657082,45
3,منطقة المدينة المنورة,Madinah,14,المدينة المنورة,Madinah,10300014057,طيبة,Taibah Dist.,24.492649,39.508798,70
3,منطقة المدينة المنورة,Madinah,14,المدينة المنورة,Madinah,10300014058,التلعة,Al Talaah Dist.,24.505539,39.653051,3
3,منطقة المدينة المنورة,Madinah,14,المدينة المنورة,Madinah,10300014059,الملك فهد,King Fahd Dist.,24.50023,39.697507,109
3,منطقة المدينة المنورة,Madinah,14,المدينة المنورة,Madinah,10300014061,البركة,Al Barakah Dist.,24.508032,39.568995,17
3,منطقة المدينة المنورة,Madinah,14,المدينة المنورة,Madinah,10300014062,العيون,Al Eyun Dist.,24.503352,39.588553,19
3,منطقة المدينة المنورة,Madinah,14,المدينة المنورة,Madinah,10300014064,النخيل,Al Nakhil Dist.,24.523535,39.541526,7
3,منطقة المدينة المنورة,Madinah,14,المدينة المنورة,Madinah,10300014065,الزهرة,Az Zahrah Dist.,24.534471,39.568609,26
3,منطقة المدينة المنورة,Madinah,14,المدينة المنورة,Madinah,10300014067,البلقاء,Al Balqa Dist.,24.531228,39.453484,18
3,منطقة المدينة المنورة,Madinah,14,المدينة المنورة,Madinah,10300014068,كتانة,Kittanah Dist.,24.559983,39.559406,14
3,منطقة المدينة المنورة,Madinah,14,المدينة المنورة,Madinah,10300014070,الغابة,Al Ghabah Dist.,24.568862,39.599299,13
3,منطقة المدينة المنورة,Madinah,14,المدينة المنورة,Madinah,10300014072,وعيرة,Wairah Dist.,24.534302,39.676954,9
3,منطقة المدينة المنورة,Madinah,14,المدينة المنورة,Madinah,10300014073,المطار,Al Matar Dist.,24.543376,39.683513,40
3,منطقة المدينة المنورة,Madinah,14,المدينة المنورة,Madinah,10300014074,العريض,Al Ariydh Dist.,24.48084,39.644002,64
3,منطقة المدينة المنورة,Madinah,14,المدينة المنورة,Madinah,10300014075,العنابس,Al Anabis Dist.,24.471136,39.585369,19
3,منطقة المدينة المنورة,Madinah,14,المدينة المنورة,Madinah,10300014076,الفتح,Al Fath Dist.,24.481422,39.591779,11
3,منطقة المدينة المنورة,Madinah,14,المدينة المنورة,Madinah,10300014077,الراية,Ar Rayah Dist.,24.48521,39.598914,15
3,منطقة المدينة المنورة,Madinah,14,المدينة المنورة,Madinah,10300014079,السقيا,As Suqya Dist.,24.464718,39.596657,4
3,منطقة المدينة المنورة,Madinah,14,المدينة المنورة,Madinah,10300014082,جبل عير,Jabal Ayr Dist.,24.388741,39.56063,8
3,منطقة المدينة المنورة,Madinah,14,المدينة المنورة,Madinah,10300014083,الشافية,Ash Shafiyah Dist.,24.551448,39.623421,28
3,منطقة المدينة المنورة,Madinah,14,المدينة المنورة,Madinah,10300014084,الشهداء,Ash Shuhada Dist.,24.499291,39.605689,3
3,منطقة المدينة المنورة,Madinah,14,المدينة المنورة,Madinah,10300014085,جبل احد,Jabal Uhud Dist.,24.514541,39.604239,5
3,منطقة المدينة المنورة,Madinah,14,المدينة المنورة,Madinah,10300014088,بني معاوية,Bani Muawiyah Dist.,24.474696,39.627087,16
3,منطقة المدينة المنورة,Madinah,14,المدينة المنورة,Madinah,10300014090,ورقان,Warqan Dist.,24.375629,39.520742,26
3,منطقة المدينة المنورة,Madinah,14,المدينة المنورة,Madinah,10300014091,شوران,Shuran Dist.,24.401604,39.62172,157
3,منطقة المدينة المنورة,Madinah,14,المدينة المنورة,Madinah,10300014092,الصناعية,Industrial Dist.,24.362705,39.511671,43
3,منطقة المدينة المنورة,Madinah,14,المدينة المنورة,Madinah,10300014093,الدويخلة,Ad Duwaikhilah Dist.,24.502989,39.679718,22
3,منطقة المدينة المنورة,Madinah,14,المدينة المنورة,Madinah,10300014094,العاقول,Al Aqoul Dist.,24.513942,39.720926,70
3,منطقة المدينة المنورة,Madinah,14,المدينة المنورة,Madinah,10300014095,وادي البطان,Wadi Al Battan Dist.,24.513189,39.782159,35
3,منطقة المدينة المنورة,Madinah,14,المدينة المنورة,Madinah,10300014096,المليليح,Al Mulaylih Dist.,24.809695,39.195677,14
3,منطقة المدينة المنورة,Madinah,14,المدينة المنورة,Madinah,10300014097,الاناهي,Al Anahi Dist.,24.463788,39.718665,52
3,منطقة المدينة المنورة,Madinah,14,المدينة المنورة,Madinah,10300014099,حى الخضراء,Al Khadhra Dist.,24.568159,39.748871,76
3,منطقة المدينة المنورة,Madinah,14,المدينة المنورة,Madinah,10300014101,حى الصهلوج,Al Sahluj Dist.,24.461573,39.449283,9
3,منطقة المدينة المنورة,Madinah,14,المدينة المنورة,Madinah,10300014110,المندسة,Al Mundasa Dist.,24.572126,39.340092,40
3,منطقة المدينة المنورة,Madinah,14,المدينة المنورة,Madinah,10300014111,حى القبيبة,Qubeiba Dist.,24.611613,39.690527,7
3,منطقة المدينة المنورة,Madinah,14,المدينة المنورة,Madinah,10300014115,حى ابو سدر,Abu Sidr Dist.,24.597662,39.690997,11
3,منطقة المدينة المنورة,Madinah,14,المدينة المنورة,Madinah,10300014116,حى سد الغابة,Sad Al Ghaba Dist.,24.575835,39.597616,11
3,منطقة المدينة المنورة,Madinah,14,المدينة المنورة,Madinah,10300014117,حى الحساء,Al Hisa Dist.,24.363594,39.544029,12
3,منطقة المدينة المنورة,Madinah,14,المدينة المنورة,Madinah,10300014118,المدينة الصناعية,Industrial City Dist.,24.352349,39.518947,53
3,منطقة المدينة المنورة,Madinah,14,المدينة المنورة,Madinah,10300014120,الصويدرة,As Suwaydra Dist.,24.688157,40.134105,35
3,منطقة المدينة المنورة,Madinah,14,المدينة المنورة,Madinah,10300014121,ابيار الماشي,Abyar Al Mashi Dist.,24.145321,39.519162,49
4,منطقة القصيم,Qassim,11,بريدة,Buraidah,10400011001,اليرموك,Al Yarmouk Dist.,26.236535,44.018537,24
4,منطقة القصيم,Qassim,11,بريدة,Buraidah,10400011002,الرمال,Ar Rimal Dist.,26.340061,44.018744,23
4,منطقة القصيم,Qassim,11,بريدة,Buraidah,10400011004,الخضر,Al Khudar Dist.,26.24822,43.998787,12
4,منطقة القصيم,Qassim,11,بريدة,Buraidah,10400011005,اللسيب,Al Lusayb Dist.,26.261381,43.932324,43
4,منطقة القصيم,Qassim,11,بريدة,Buraidah,10400011006,النور,Al Nur Dist.,26.459855,43.880892,46
4,منطقة القصيم,Qassim,11,بريدة,Buraidah,10400011008,القصيعة,Al Qusayah Dist.,26.26556,43.956573,13
4,منطقة القصيم,Qassim,11,بريدة,Buraidah,10400011009,الغدير,Al Ghadir Dist.,26.277071,44.031552,23
4,منطقة القصيم,Qassim,11,بريدة,Buraidah,10400011011,السالمية,As Salmiya Dist.,26.285402,43.990208,16
4,منطقة القصيم,Qassim,11,بريدة,Buraidah,10400011012,الروابي,Al Rawabi Dist.,26.294082,44.04232,16
4,منطقة القصيم,Qassim,11,بريدة,Buraidah,10400011013,حويلان,Huwailan Dist.,26.303029,43.942221,8
4,منطقة القصيم,Qassim,11,بريدة,Buraidah,10400011015,واسط,Wasit Dist.,26.304098,43.960322,16
4,منطقة القصيم,Qassim,11,بريدة,Buraidah,10400011019,الخليج,Al Khalij Dist.,26.309211,43.972052,11
4,منطقة القصيم,Qassim,11,بريدة,Buraidah,10400011021,خب البريدي,Khub Al Buraydi Dist.,26.322288,43.933533,3
4,منطقة القصيم,Qassim,11,بريدة,Buraidah,10400011022,السادة,As Sadah Dist.,26.321093,43.986968,3
4,منطقة القصيم,Qassim,11,بريدة,Buraidah,10400011028,الموطا,Al Mawta Dist.,26.318162,43.95973,4
4,منطقة القصيم,Qassim,11,بريدة,Buraidah,10400011029,التعليم,At Taalim Dist.,26.326326,43.984482,4
4,منطقة القصيم,Qassim,11,بريدة,Buraidah,10400011033,الشروق,Al Shorouq Dist.,26.329614,44.042431,18
4,منطقة القصيم,Qassim,11,بريدة,Buraidah,10400011034,خب الثنيان,Khub Ath Thanyan Dist.,26.33263,43.931591,6
4,منطقة القصيم,Qassim,11,بريدة,Buraidah,10400011035,الشماس,Ash Shammas Dist.,26.331809,43.966895,5
4,منطقة القصيم,Qassim,11,بريدة,Buraidah,10400011036,القادسية,Al Qadisiyah Dist.,26.328321,43.952348,3
4,منطقة القصيم,Qassim,11,بريدة,Buraidah,10400011038,الخبيب,Al Khabib Dist.,26.336958,43.973889,4
4,منطقة القصيم,Qassim,11,بريدة,Buraidah,10400011039,المرقب,Al Marqab Dist.,26.340124,43.957553,4
4,منطقة القصيم,Qassim,11,بريدة,Buraidah,10400011040,الربيع,Ar Rabie Dist.,26.343076,43.987521,5
4,منطقة القصيم,Qassim,11,بريدة,Buraidah,10400011041,الرفيعة,Ar Rafiah Dist.,26.334614,43.997236,13
4,منطقة القصيم,Qassim,11,بريدة,Buraidah,10400011042,الزرقاء,Az Zarqa Dist.,26.341731,43.922609,13
4,منطقة القصيم,Qassim,11,بريدة,Buraidah,10400011044,الشفق,Ash Shafaq Dist.,26.363019,43.857202,57
4,منطقة القصيم,Qassim,11,بريدة,Buraidah,10400011045,القاع البارد,Al Qaa Al Barid Dist.,26.354214,44.027405,17
4,منطقة القصيم,Qassim,11,بريدة,Buraidah,10400011046,المنار,Al Manar Dist.,26.353151,43.93373,23
4,منطقة القصيم,Qassim,11,بريدة,Buraidah,10400011048,الربوة,Ar Rabwah Dist.,26.356365,43.985227,17
4,منطقة القصيم,Qassim,11,بريدة,Buraidah,10400011050,الصفراء,As Safra Dist.,26.364874,43.955524,15
4,منطقة القصيم,Qassim,11,بريدة,Buraidah,10400011052,الفايزية,Al Fayziyah Dist.,26.373225,43.974005,12
4,منطقة القصيم,Qassim,11,بريدة,Buraidah,10400011053,النخيل,Al Nakhil Dist.,26.369596,43.896908,56
4,منطقة القصيم,Qassim,11,بريدة,Buraidah,10400011054,الروضه,Ar Rawdah Dist.,26.382467,43.919487,29
4,منطقة القصيم,Qassim,11,بريدة,Buraidah,10400011055,النفل,An Nafl Dist.,26.3733,44.033661,11
4,منطقة القصيم,Qassim,11,بريدة,Buraidah,10400011056,الإسكان,Al Iskan Dist.,26.386066,43.935532,20
4,منطقة القصيم,Qassim,11,بريدة,Buraidah,10400011057,الأخضر,Al Akhdar Dist.,26.39491,43.968618,22
4,منطقة القصيم,Qassim,11,بريدة,Buraidah,10400011058,الشقة,Ash Shiqah Dist.,26.385101,43.845532,85
4,منطقة القصيم,Qassim,11,بريدة,Buraidah,10400011059,الرابية,Ar Rabiyah Dist.,26.392535,43.985343,6
4,منطقة القصيم,Qassim,11,بريدة,Buraidah,10400011060,الريان,Ar Rayyan Dist.,26.399535,43.917874,48
4,منطقة القصيم,Qassim,11,بريدة,Buraidah,10400011061,النهضة,An Nahdah Dist.,26.40816,43.93117,48
4,منطقة القصيم,Qassim,11,بريدة,Buraidah,10400011062,الافق,Al Ufuq Dist.,26.390056,43.954736,20
4,منطقة القصيم,Qassim,11,بريدة,Buraidah,10400011064,الخزامى,Al Khuzama Dist.,26.414276,43.982993,13
4,منطقة القصيم,Qassim,11,بريدة,Buraidah,10400011065,الجزيرة,Al Jazirah Dist.,26.404227,43.891316,42
4,منطقة القصيم,Qassim,11,بريدة,Buraidah,10400011066,الرحاب,Al Rehab Dist.,26.425986,43.893711,71
4,منطقة القصيم,Qassim,11,بريدة,Buraidah,10400011067,الحزم,Al Hazm Dist.,26.42921,43.915673,75
4,منطقة القصيم,Qassim,80,عنيزة,Unayzah,10400080004,الدوحة,Ad Dawhah Dist.,26.034749,43.974634,7
4,منطقة القصيم,Qassim,80,عنيزة,Unayzah,10400080005,الحاجب,Al Hajeb Dist.,26.03281,43.966549,6
4,منطقة القصيم,Qassim,80,عنيزة,Unayzah,10400080006,الرمال,Ar Rimal Dist.,26.06264,43.953293,27
4,منطقة القصيم,Qassim,80,عنيزة,Unayzah,10400080007,الحفيرة,Al Hufayrah Dist.,26.070102,43.921754,3
4,منطقة القصيم,Qassim,80,عنيزة,Unayzah,10400080009,الملك خالد,King Khalid Dist.,26.089343,44.036776,28
4,منطقة القصيم,Qassim,80,عنيزة,Unayzah,10400080010,الملك فهد,King Fahd Dist.,26.101577,44.03079,68
4,منطقة القصيم,Qassim,80,عنيزة,Unayzah,10400080011,الرياضى,Ar Riyadi Dist.,26.079272,44.057367,19
4,منطقة القصيم,Qassim,80,عنيزة,Unayzah,10400080016,الشفاء,Ash Shifa Dist.,26.083862,43.999894,45
4,منطقة القصيم,Qassim,80,عنيزة,Unayzah,10400080018,السليمانية,As Sulimaniyah Dist.,26.08791,44.02144,30
4,منطقة القصيم,Qassim,80,عنيزة,Unayzah,10400080025,الصالحية,As Salhiyah Dist.,26.104773,43.988079,13
4,منطقة القصيم,Qassim,80,عنيزة,Unayzah,10400080029,الرحمانية,Ar Rahmaniyah Dist.,26.134036,43.947292,3
4,منطقة القصيم,Qassim,80,عنيزة,Unayzah,10400080034,الوهلان,Al Wahlan Dist.,26.100738,43.934254,64
4,منطقة القصيم,Qassim,80,عنيزة,Unayzah,10400080037,العليا,Al Olaya Dist.,26.117554,43.962169,29
4,منطقة القصيم,Qassim,80,عنيزة,Unayzah,10400080038,وسط المدينة,City Center,26.099394,43.963041,20
4,منطقة القصيم,Qassim,80,عنيزة,Unayzah,10400080039,الريان,Ar Rayan Dist.,26.073843,43.97072,61
4,منطقة القصيم,Qassim,80,عنيزة,Unayzah,10400080040,الفاخرية,Al Fakhriyah Dist.,26.076069,43.985863,39
4,منطقة القصيم,Qassim,80,عنيزة,Unayzah,10400080044,السلام,As Salam Dist.,26.080759,43.952313,61
4,منطقة القصيم,Qassim,80,عنيزة,Unayzah,10400080046,العونية,Al Awniyah Dist.,26.085554,43.935712,52
4,منطقة القصيم,Qassim,80,عنيزة,Unayzah,10400080047,الحمراء,Al Hamra Dist.,26.028766,43.970518,24
4,منطقة القصيم,Qassim,80,عنيزة,Unayzah,10400080048,الفيحاء,Al Fayha Dist.,26.045455,44.00482,10
4,منطقة القصيم,Qassim,80,عنيزة,Unayzah,10400080051,المروج,Al Muruj Dist.,26.121802,44.012741,50
4,منطقة القصيم,Qassim,80,عنيزة,Unayzah,10400080054,المنار,Al Manar Dist.,26.099241,44.020157,77
4,منطقة القصيم,Qassim,80,عنيزة,Unayzah,10400080055,الاشرفية,Al Ashrafiyah Dist.,26.10439,44.007233,18
4,منطقة القصيم,Qassim,80,عنيزة,Unayzah,10400080056,الخزامى,Al Khuzama Dist.,26.123796,43.98762,22
4,منطقة القصيم,Qassim,80,عنيزة,Unayzah,10400080067,الوفاء,Al Wafa Dist.,26.074025,44.020138,43
4,منطقة القصيم,Qassim,80,عنيزة,Unayzah,10400080069,الواحة,Al Wahah Dist.,26.077239,44.093022,16
4,منطقة القصيم,Qassim,80,عنيزة,Unayzah,10400080071,الجلده,Al Jaldah Dist.,26.007801,43.9965,8
4,منطقة القصيم,Qassim,80,عنيزة,Unayzah,10400080080,الوادي,Al Wadi Dist.,26.151252,43.977628,4
4,منطقة القصيم,Qassim,80,عنيزة,Unayzah,10400080083,المصيف,Al Masif Dist.,26.096465,43.954214,36
4,منطقة القصيم,Qassim,1999,عيون الجواء,Uyun Al Jawa',10401999005,النهضة,An Nahdah Dist.,26.481528,43.621848,12
4,منطقة القصيم,Qassim,1999,عيون الجواء,Uyun Al Jawa',10401999006,النزهة,An Nuzhah Dist.,26.48023,43.636812,5
4,منطقة القصيم,Qassim,2421,الرس,Ar Rass,10402421004,الاحتفالات,Al Ihtifalat Dist.,25.851555,43.47227,13
4,منطقة القصيم,Qassim,2421,الرس,Ar Rass,10402421007,الحزم,Al Hazm Dist.,25.867697,43.520859,10
4,منطقة القصيم,Qassim,2421,الرس,Ar Rass,10402421008,التعليم,At Talim Dist.,25.886533,43.560286,6
4,منطقة القصيم,Qassim,2421,الرس,Ar Rass,10402421009,الربوة,Ar Rabwah Dist.,25.8853,43.52991,7
4,منطقة القصيم,Qassim,2421,الرس,Ar Rass,10402421011,الشفاء,Ash Shifa Dist.,25.881642,43.516674,3
4,منطقة القصيم,Qassim,2421,الرس,Ar Rass,10402421012,الجندل,Al Jandal Dist.,25.894276,43.524654,5
4,منطقة القصيم,Qassim,2421,الرس,Ar Rass,10402421015,المطار,Al Matar Dist.,25.871187,43.497617,5
4,منطقة القصيم,Qassim,2421,الرس,Ar Rass,10402421016,الزهرة,Az Zahrah Dist.,25.872705,43.495545,3
4,منطقة القصيم,Qassim,2421,الرس,Ar Rass,10402421024,الجريف,Al Juraif Dist.,25.861018,43.524004,6
4,منطقة القصيم,Qassim,2421,الرس,Ar Rass,10402421038,الاندلس,Al Andalus Dist.,25.845148,43.512952,5
4,منطقة القصيم,Qassim,2448,المذنب,Al Midhnab,10402448002,الورود,Al Wurud Dist.,25.841844,44.233389,3
4,منطقة القصيم,Qassim,2467,رياض الخبراء,Riyad Al Khabra,10402467006,النزهة,An Nuzhah Dist.,26.070488,43.550464,8
4,منطقة القصيم,Qassim,2467,رياض الخبراء,Riyad Al Khabra,10402467011,القدس,Al Quds Dist.,26.054743,43.569975,7
4,منطقة القصيم,Qassim,2467,رياض الخبراء,Riyad Al Khabra,10402467013,الحزم,Al Hazm Dist.,26.039347,43.548036,10
4,منطقة القصيم,Qassim,2481,البدائع,Al Badai',10402481008,الاندلس,Al Andalus Dist.,25.978867,43.751162,6
4,منطقة القصيم,Qassim,2481,البدائع,Al Badai',10402481012,الاصفر,Al Asfar Dist.,25.975085,43.71525,5
4,منطقة القصيم,Qassim,2481,البدائع,Al Badai',10402481013,رامات,Ramat Dist.,25.955964,43.713402,6
4,منطقة القصيم,Qassim,2481,البدائع,Al Badai',10402481016,السلام,As Salam Dist.,25.990496,43.749071,3
4,منطقة القصيم,Qassim,2481,البدائع,Al Badai',10402481017,العبدلية,Al Abdaliyah Dist.,25.920142,43.667106,4
4,منطقة القصيم,Qassim,2630,البكيرية,Al Bukayriyah,10402630002,الزهرة,Az Zahrah Dist.,26.134627,43.654869,20
4,منطقة القصيم,Qassim,2630,البكيرية,Al Bukayriyah,10402630005,الخليج,Al Khalij Dist.,26.131768,43.667638,12
4,منطقة القصيم,Qassim,2630,البكيرية,Al Bukayriyah,10402630007,النهضة,An Nahdah Dist.,26.134146,43.671212,3
4,منطقة القصيم,Qassim,2630,البكيرية,Al Bukayriyah,10402630008,النخيل,Al Nakhil Dist.,26.184066,43.680749,4
4,منطقة القصيم,Qassim,2630,البكيرية,Al Bukayriyah,10402630012,القادسية,Al Qadisiyah Dist.,26.123864,43.605684,62
4,منطقة القصيم,Qassim,2630,البكيرية,Al Bukayriyah,10402630014,الريان,Ar Rayyan Dist.,26.168119,43.649633,4
4,منطقة القصيم,Qassim,2630,البكيرية,Al Bukayriyah,10402630015,الامل,Al Amal Dist.,26.150592,43.589715,94
4,منطقة القصيم,Qassim,2630,البكيرية,Al Bukayriyah,10402630016,الرياض,Ar Riyadh Dist.,26.135544,43.607364,16
4,منطقة القصيم,Qassim,2630,البكيرية,Al Bukayriyah,10402630017,الديرة,Al Dirah Dist.,26.147399,43.660559,30
4,منطقة القصيم,Qassim,2630,البكيرية,Al Bukayriyah,10402630019,الربوة,Ar Rabwah Dist.,26.174261,43.602067,60
4,منطقة القصيم,Qassim,2777,الشماسية,Ash Shimasiyah,10402777015,السلام,As Salam Dist.,26.294351,44.255605,6
4,منطقة القصيم,Qassim,2988,عقلة الصقور,Uqlat As Suqur,10402988006,الخليج,Al Khalij Dist.,25.836347,42.179196,4
4,منطقة القصيم,Qassim,2988,عقلة الصقور,Uqlat As Suqur,10402988011,الملك فهد,King Fahd Dist.,25.820964,42.184321,15
4,منطقة القصيم,Qassim,2988,عقلة الصقور,Uqlat As Suqur,10402988022,النهضة,An Nahdah Dist.,25.825386,42.210602,3
5,المنطقة الشرقية,Eastern Province,13,الدمام,Dammam,10500013001,الخالدية الشمالية,Al Khalidiyah Ash Shamaliyah Dist.,26.426491,50.134836,9
5,المنطقة الشرقية,Eastern Province,13,الدمام,Dammam,10500013002,الناصرية,An Nasriyah Dist.,26.424876,50.121518,7
5,المنطقة الشرقية,Eastern Province,13,الدمام,Dammam,10500013005,الأثير,Al Athir Dist.,26.436265,50.058599,34
5,المنطقة الشرقية,Eastern Province,13,الدمام,Dammam,10500013006,الجلوية,Al Jalawiyah Dist.,26.437068,50.071007,31
5,المنطقة الشرقية,Eastern Province,13,الدمام,Dammam,10500013007,النخيل,Al Nakhil Dist.,26.440439,50.09013,14
5,المنطقة الشرقية,Eastern Province,13,الدمام,Dammam,10500013008,القزاز,Al Qazaz Dist.,26.4342,50.091809,7
5,المنطقة الشرقية,Eastern Province,13,الدمام,Dammam,10500013009,البادية,Al Badiyah Dist.,26.428505,50.091051,39
5,المنطقة الشرقية,Eastern Province,13,الدمام,Dammam,10500013010,الدواسر,Ad Dawasir Dist.,26.446713,50.102165,9
5,المنطقة الشرقية,Eastern Province,13,الدمام,Dammam,10500013011,العنود,Al Anud Dist.,26.443777,50.080169,51
5,المنطقة الشرقية,Eastern Province,13,الدمام,Dammam,10500013012,الشاطئ الغربي,Ash Shati Al Gharbi Dist.,26.483878,50.122766,63
5,المنطقة الشرقية,Eastern Province,13,الدمام,Dammam,10500013013,الضباب,Ad Dabab Dist.,26.426157,50.047187,46
5,المنطقة الشرقية,Eastern Province,13,الدمام,Dammam,10500013014,المنار,Al Manar Dist.,26.375213,50.036124,145
5,المنطقة الشرقية,Eastern Province,13,الدمام,Dammam,10500013015,النور,An Nur Dist.,26.429212,50.024557,217
5,المنطقة الشرقية,Eastern Province,13,الدمام,Dammam,10500013016,السلام,As Salam Dist.,26.454318,50.104237,57
5,المنطقة الشرقية,Eastern Province,13,الدمام,Dammam,10500013017,الزهور,Az Zuhur Dist.,26.45342,50.086172,121
5,المنطقة الشرقية,Eastern Province,13,الدمام,Dammam,10500013018,المريكبات,Al Muraikabat Dist.,26.418682,50.096493,10
5,المنطقة الشرقية,Eastern Province,13,الدمام,Dammam,10500013019,النهضة,An Nahdah Dist.,26.374842,50.143489,36
5,المنطقة الشرقية,Eastern Province,13,الدمام,Dammam,10500013020,ضاحية الملك فهد,Dahiyat Al Malik Fahd Dist.,26.41922,49.99222,514
5,المنطقة الشرقية,Eastern Province,13,الدمام,Dammam,10500013021,السيف,As Saif Dist.,26.39084,50.210239,662
5,المنطقة الشرقية,Eastern Province,13,الدمام,Dammam,10500013022,الصناعية,As Sinaiyah Dist.,26.448988,50.029557,8
5,المنطقة الشرقية,Eastern Province,13,الدمام,Dammam,10500013023,احد,Uhud Dist.,26.41483,50.039635,55
5,المنطقة الشرقية,Eastern Province,13,الدمام,Dammam,10500013024,بدر,Badr Dist.,26.40281,50.024933,113
5,المنطقة الشرقية,Eastern Province,13,الدمام,Dammam,10500013025,الخليج,Al Khalij Dist.,26.446028,50.090164,30
5,المنطقة الشرقية,Eastern Province,13,الدمام,Dammam,10500013026,الروضة,Ar Rawdah Dist.,26.400661,50.081096,36
5,المنطقة الشرقية,Eastern Province,13,الدمام,Dammam,10500013027,طيبة,Taibah Dist.,26.358104,50.053225,185
5,المنطقة الشرقية,Eastern Province,13,الدمام,Dammam,10500013028,الجامعيين,Al Jamiyin Dist.,26.385942,50.098649,118
5,المنطقة الشرقية,Eastern Province,13,الدمام,Dammam,10500013029,الريان,Ar Rayyan Dist.,26.407437,50.09763,10
5,المنطقة الشرقية,Eastern Province,13,الدمام,Dammam,10500013030,القادسية,Al Qadisiyah Dist.,26.41613,50.071014,18
5,المنطقة الشرقية,Eastern Province,13,الدمام,Dammam,10500013031,غرناطة,Ghirnatah Dist.,26.425485,50.080475,23
5,المنطقة الشرقية,Eastern Province,13,الدمام,Dammam,10500013032,العدامة,Al Adamah Dist.,26.434222,50.100866,30
5,المنطقة الشرقية,Eastern Province,13,الدمام,Dammam,10500013033,الامير محمد بن سعود,Prince Muhammed Ibn Saud Dist.,26.430717,50.114839,17
5,المنطقة الشرقية,Eastern Province,13,الدمام,Dammam,10500013034,الطبيشي,At Tubayshi Dist.,26.43467,50.121957,12
5,المنطقة الشرقية,Eastern Province,13,الدمام,Dammam,10500013035,المزروعية,Al Mazruiyah Dist.,26.442297,50.124712,39
5,المنطقة الشرقية,Eastern Province,13,الدمام,Dammam,10500013036,الصفا,As Safa Dist.,26.389426,50.180972,3
5,المنطقة الشرقية,Eastern Province,13,الدمام,Dammam,10500013037,المنتزه,Al Muntazah Dist.,26.378513,50.126043,106
5,المنطقة الشرقية,Eastern Province,13,الدمام,Dammam,10500013038,النزهة,An Nuzhah Dist.,26.393323,50.107172,20
5,المنطقة الشرقية,Eastern Province,13,الدمام,Dammam,10500013039,الفردوس,Al Firdaws Dist.,26.37827,50.117636,62
5,المنطقة الشرقية,Eastern Province,13,الدمام,Dammam,10500013040,قصر الخليج,Qasr Al Khalij Dist.,26.359923,50.139956,23
5,المنطقة الشرقية,Eastern Province,13,الدمام,Dammam,10500013043,الخضرية,Al Kuthriah Dist.,26.44569,50.053774,8
5,المنطقة الشرقية,Eastern Province,13,الدمام,Dammam,10500013044,مدينة العمال,Madinat Al Ummal Dist.,26.42517,50.109082,24
5,المنطقة الشرقية,Eastern Province,13,الدمام,Dammam,10500013045,العمامرة,Al Amamrah Dist.,26.444526,50.111902,5
5,المنطقة الشرقية,Eastern Province,13,الدمام,Dammam,10500013046,البديع,Al Badi Dist.,26.447988,50.114099,11
5,المنطقة الشرقية,Eastern Province,13,الدمام,Dammam,10500013047,الشاطئ الشرقي,Ash Shati Ash Sharqi Dist.,26.472215,50.130204,79
5,المنطقة الشرقية,Eastern Province,13,الدمام,Dammam,10500013048,الفيحاء,Al Fayha Dist.,26.43746,50.040883,23
5,المنطقة الشرقية,Eastern Province,13,الدمام,Dammam,10500013050,الراكة الشمالية,Ar Rakah Ash Shamaliyah Dist.,26.371031,50.189517,67
5,المنطقة الشرقية,Eastern Province,13,الدمام,Dammam,10500013051,النورس,An Nawras Dist.,26.411867,50.185735,24
5,المنطقة الشرقية,Eastern Province,13,الدمام,Dammam,10500013052,الفيصلية,Al Faisaliyah Dist.,26.386571,50.0599,103
5,المنطقة الشرقية,Eastern Province,13,الدمام,Dammam,10500013056,الربيع,Ar Rabie Dist.,26.441156,50.116261,8
5,المنطقة الشرقية,Eastern Province,13,الدمام,Dammam,10500013057,الحمراء,Al Hamra Dist.,26.467839,50.092639,21
5,المنطقة الشرقية,Eastern Province,13,الدمام,Dammam,10500013059,الجوهرة,Al Jawharah Dist.,26.4661,50.07911,121
5,المنطقة الشرقية,Eastern Province,13,الدمام,Dammam,10500013061,الدانة,Ad Danah Dist.,26.466385,50.045515,3
5,المنطقة الشرقية,Eastern Province,13,الدمام,Dammam,10500013062,المحمدية,Al Muhammadiyah Dist.,26.459909,50.05666,13
5,المنطقة الشرقية,Eastern Province,13,الدمام,Dammam,10500013063,العزيزية,Al Aziziyah Dist.,26.458294,50.071469,27
5,المنطقة الشرقية,Eastern Province,13,الدمام,Dammam,10500013064,الواحة,Al Wahah Dist.,26.385269,50.088427,150
5,المنطقة الشرقية,Eastern Province,13,الدمام,Dammam,10500013069,الحسام,Al Hussam Dist.,26.388054,50.172971,49
5,المنطقة الشرقية,Eastern Province,13,الدمام,Dammam,10500013072,الخالدية الجنوبية,Al Khalidiyah Al Janubiyah Dist.,26.416276,50.161233,19
5,المنطقة الشرقية,Eastern Province,13,الدمام,Dammam,10500013073,الشعلة,Ash Shulah Dist.,26.343113,50.063945,768
5,المنطقة الشرقية,Eastern Province,13,الدمام,Dammam,10500013074,الأنوار,Al Anwar Dist.,26.370499,49.998875,18
5,المنطقة الشرقية,Eastern Province,13,الدمام,Dammam,10500013078,المطار,Al Matar Dist.,26.373981,49.941937,29
5,المنطقة الشرقية,Eastern Province,13,الدمام,Dammam,10500013079,الأمانة,Al Amanah Dist.,26.38713,49.968288,62
5,المنطقة الشرقية,Eastern Province,13,الدمام,Dammam,10500013080,الفرسان,Al Fursan Dist.,26.356258,49.961204,76
5,المنطقة الشرقية,Eastern Province,13,الدمام,Dammam,10500013082,الندى,An Nada Dist.,26.375914,50.0785,71
5,المنطقة الشرقية,Eastern Province,13,الدمام,Dammam,10500013085,الإسكان الجنوبي,Al Iskan Al Janubi Dist.,26.319429,49.996955,19
5,المنطقة الشرقية,Eastern Province,13,الدمام,Dammam,10500013086,العروبة,Al Urubah Dist.,26.335964,50.006001,115
5,المنطقة الشرقية,Eastern Province,13,الدمام,Dammam,10500013087,الاسكان الشمالي,Al Iskan Northren Dist.,26.356662,49.980993,3
5,المنطقة الشرقية,Eastern Province,31,الخبر,Al Khobar,10500031001,التحلية,At Tahliyah Dist.,26.189348,50.193606,125
5,المنطقة الشرقية,Eastern Province,31,الخبر,Al Khobar,10500031002,ابن سيناء,Ibn Sina Dist.,26.241477,50.200879,6
5,المنطقة الشرقية,Eastern Province,31,الخبر,Al Khobar,10500031003,الحزام الاخضر,Al Hizam Al Akhdar Dist.,26.305909,50.19567,28
5,المنطقة الشرقية,Eastern Province,31,الخبر,Al Khobar,10500031004,صناعية الثقبة,Sinaiyah Ath Thuqbah Dist.,26.25626,50.200988,8
5,المنطقة الشرقية,Eastern Province,31,الخبر,Al Khobar,10500031005,التعاون,At Taawun Dist.,26.217535,50.18677,36
5,المنطقة الشرقية,Eastern Province,31,الخبر,Al Khobar,10500031006,الراكة الجنوبية,Ar Rakah Al Janubiyah Dist.,26.35326,50.201103,78
5,المنطقة الشرقية,Eastern Province,31,الخبر,Al Khobar,10500031008,مدينة العمال,Madinat Al Ummal Dist.,26.295637,50.203624,44
5,المنطقة الشرقية,Eastern Province,31,الخبر,Al Khobar,10500031009,العقربية,Al Aqrabiyah Dist.,26.291488,50.192981,45
5,المنطقة الشرقية,Eastern Province,31,الخبر,Al Khobar,10500031010,الخبر الجنوبية,Al Khubar Al Janubiyah Dist.,26.271974,50.210233,59
5,المنطقة الشرقية,Eastern Province,31,الخبر,Al Khobar,10500031011,الروابي,Ar Rawabi Dist.,26.331279,50.208851,37
5,المنطقة الشرقية,Eastern Province,31,الخبر,Al Khobar,10500031012,اليرموك,Al Yarmok Dist.,26.312861,50.221964,10
5,المنطقة الشرقية,Eastern Province,31,الخبر,Al Khobar,10500031013,قرطبة,Qurtubah Dist.,26.345733,50.183241,32
5,المنطقة الشرقية,Eastern Province,31,الخبر,Al Khobar,10500031014,الجوهرة,Al Jawharah Dist.,26.324894,50.191768,14
5,المنطقة الشرقية,Eastern Province,31,الخبر,Al Khobar,10500031015,الحزام الذهبي,Al Hizam Adh Dhahabi Dist.,26.314954,50.201338,18
5,المنطقة الشرقية,Eastern Province,31,الخبر,Al Khobar,10500031016,الاندلس,Al Andalus Dist.,26.320837,50.186621,13
5,المنطقة الشرقية,Eastern Province,31,الخبر,Al Khobar,10500031018,البندرية,Al Bandariyah Dist.,26.305971,50.214044,58
5,المنطقة الشرقية,Eastern Province,31,الخبر,Al Khobar,10500031020,الثقبة,Ath Thuqbah Dist.,26.276016,50.191145,111
5,المنطقة الشرقية,Eastern Province,31,الخبر,Al Khobar,10500031021,العليا,Al Olaya Dist.,26.296694,50.176451,122
5,المنطقة الشرقية,Eastern Province,31,الخبر,Al Khobar,10500031022,الاسكان,Al Iskan Dist.,26.258249,50.21216,4
5,المنطقة الشرقية,Eastern Province,31,الخبر,Al Khobar,10500031023,الحمراء,Al Hamra Dist.,26.226936,50.201927,871
5,المنطقة الشرقية,Eastern Province,31,الخبر,Al Khobar,10500031024,الجسر,Al Jisr Dist.,26.211462,50.206748,61
5,المنطقة الشرقية,Eastern Province,31,الخبر,Al Khobar,10500031025,الخزامى,Al Khuzama Dist.,26.212474,50.194053,92
5,المنطقة الشرقية,Eastern Province,31,الخبر,Al Khobar,10500031027,البحر,Al Bahar Dist.,26.358583,50.227364,297
5,المنطقة الشرقية,Eastern Province,31,الخبر,Al Khobar,10500031028,الكورنيش,Al Kurnaish Dist.,26.317825,50.221985,27
5,المنطقة الشرقية,Eastern Province,31,الخبر,Al Khobar,10500031029,صناعية الفوازية,Sinaiyah Al Fawaziyah Dist.,26.238944,50.213851,10
5,المنطقة الشرقية,Eastern Province,31,الخبر,Al Khobar,10500031031,الخور,Al Khawr Dist.,26.228653,50.217731,48
5,المنطقة الشرقية,Eastern Province,31,الخبر,Al Khobar,10500031033,البحيرة,Al Buhayrah Dist.,26.193392,50.179433,114
5,المنطقة الشرقية,Eastern Province,31,الخبر,Al Khobar,10500031034,الشراع,Ash Sheraa Dist.,26.163038,50.149621,258
5,المنطقة الشرقية,Eastern Province,31,الخبر,Al Khobar,10500031035,الكوثر,Al Kawthar Dist.,26.146869,50.119618,88
5,المنطقة الشرقية,Eastern Province,31,الخبر,Al Khobar,10500031036,الرجاء,Ar Raja Dist.,26.163076,50.118557,25
5,المنطقة الشرقية,Eastern Province,31,الخبر,Al Khobar,10500031037,الصواري,As Sawari Dist.,26.186115,50.152183,257
5,المنطقة الشرقية,Eastern Province,31,الخبر,Al Khobar,10500031038,العقيق,Al Aqiq Dist.,26.099299,50.14602,148
5,المنطقة الشرقية,Eastern Province,31,الخبر,Al Khobar,10500031039,المها,Al Maha Dist.,26.194299,50.125732,13
5,المنطقة الشرقية,Eastern Province,31,الخبر,Al Khobar,10500031040,الامواج,Al Amwaj Dist.,26.138487,50.142798,254
5,المنطقة الشرقية,Eastern Province,31,الخبر,Al Khobar,10500031041,اللؤلؤ,Al Lulu Dist.,26.119208,50.14374,262
5,المنطقة الشرقية,Eastern Province,31,الخبر,Al Khobar,10500031042,المرجان,Al Murjan Dist.,26.114086,50.121109,26
5,المنطقة الشرقية,Eastern Province,47,حفر الباطن,Hafar Al Batin,10500047005,التلال,At Talal Dist.,28.445858,45.93642,8
5,المنطقة الشرقية,Eastern Province,47,حفر الباطن,Hafar Al Batin,10500047006,الشفاء,Ash Shifa Dist.,28.250183,45.925934,14
5,المنطقة الشرقية,Eastern Province,47,حفر الباطن,Hafar Al Batin,10500047007,الوادي,Al Wadi Dist.,28.358868,45.970785,7
5,المنطقة الشرقية,Eastern Province,47,حفر الباطن,Hafar Al Batin,10500047008,البلدية,Al Baladiyah Dist.,28.426966,45.984378,4
5,المنطقة الشرقية,Eastern Province,47,حفر الباطن,Hafar Al Batin,10500047010,العزيزية,Al Aziziyah Dist.,28.451643,45.967131,4
5,المنطقة الشرقية,Eastern Province,47,حفر الباطن,Hafar Al Batin,10500047011,الفيحاء,Al Fayha Dist.,28.45491,46.013454,3
5,المنطقة الشرقية,Eastern Province,47,حفر الباطن,Hafar Al Batin,10500047014,المحمدية,Al Muhammadiyah Dist.,28.38165,45.975194,10
5,المنطقة الشرقية,Eastern Province,47,حفر الباطن,Hafar Al Batin,10500047015,الخالدية,Al Khalidiyah Dist.,28.42133,45.956128,4
5,المنطقة الشرقية,Eastern Province,47,حفر الباطن,Hafar Al Batin,10500047019,قرطبة,Qurtubah Dist.,28.300543,45.958916,6
5,المنطقة الشرقية,Eastern Province,47,حفر الباطن,Hafar Al Batin,10500047020,الروضة,Ar Rawdah Dist.,28.454314,46.051274,3
5,المنطقة الشرقية,Eastern Province,47,حفر الباطن,Hafar Al Batin,10500047021,السليمانية,As Sulimaniyah Dist.,28.39974,45.93614,10
5,المنطقة الشرقية,Eastern Province,47,حفر الباطن,Hafar Al Batin,10500047022,الفيصلية,Al Faisaliyah Dist.,28.395165,45.957938,6
5,المنطقة الشرقية,Eastern Province,47,حفر الباطن,Hafar Al Batin,10500047025,اليرموك,Al Yarmuk Dist.,28.280437,45.953429,15
5,المنطقة الشرقية,Eastern Province,47,حفر الباطن,Hafar Al Batin,10500047026,الريان,Ar Rayan Dist.,28.348355,45.95823,12
5,المنطقة الشرقية,Eastern Province,47,حفر الباطن,Hafar Al Batin,10500047032,غرناطة,Ghirnatah Dist.,28.273465,45.940947,8
5,المنطقة الشرقية,Eastern Province,55,القيصومة,Al Qaysumah,10500055005,الشفاء,Ash Shifa Dist.,28.286227,46.118427,3
5,المنطقة الشرقية,Eastern Province,67,القطيف,Al Qatif,10500067028,الخزامى,Al Khuzama Dist.,26.565523,50.015532,4
5,المنطقة الشرقية,Eastern Province,67,القطيف,Al Qatif,10500067033,المدارس,Al Madaris Dist.,26.578855,50.054803,3
5,المنطقة الشرقية,Eastern Province,67,القطيف,Al Qatif,10500067052,باب الشمال,Bab Madinah Ash Shamal Dist.,26.560448,50.002192,3
5,المنطقة الشرقية,Eastern Province,67,القطيف,Al Qatif,10500067058,الزهراء,Az Zahra Dist.,26.603146,50.011344,14
5,المنطقة الشرقية,Eastern Province,89,قرية العليا,Qaryat Al 'Ulya,10500089004,غرناطة,Ghirnatah Dist.,27.554569,47.679793,3
5,المنطقة الشرقية,Eastern Province,89,قرية العليا,Qaryat Al 'Ulya,10500089009,قرطبة,Qurtubah Dist.,27.545268,47.721753,3
5,المنطقة الشرقية,Eastern Province,89,قرية العليا,Qaryat Al 'Ulya,10500089013,السلام,As Salam Dist.,27.55381,47.681781,3
5,المنطقة الشرقية,Eastern Province,113,الجبيل,Al Jubail,10500113001,المرقاب,Al Merqab Dist.,26.999836,49.648797,6
5,المنطقة الشرقية,Eastern Province,113,الجبيل,Al Jubail,10500113002,طيبة,Tebah Dist.,26.987735,49.654005,9
5,المنطقة الشرقية,Eastern Province,113,الجبيل,Al Jubail,10500113004,الروضة,Al Rawdah Dist.,26.96163,49.670231,15
5,المنطقة الشرقية,Eastern Province,113,الجبيل,Al Jubail,10500113005,الضباب,Al Dabab Dist.,27.021842,49.629154,10
5,المنطقة الشرقية,Eastern Province,113,الجبيل,Al Jubail,10500113008,الدانة,Al Dana Dist.,27.011261,49.651294,3
5,المنطقة الشرقية,Eastern Province,113,الجبيل,Al Jubail,10500113012,البستان,Al Bustan Dist.,26.99141,49.644086,5
5,المنطقة الشرقية,Eastern Province,113,الجبيل,Al Jubail,10500113016,غرناطة,Ghirnatah Dist.,26.879172,49.759063,26
5,المنطقة الشرقية,Eastern Province,113,الجبيل,Al Jubail,10500113019,البحر,Al Bahar Dist.,26.919866,49.72099,15
5,المنطقة الشرقية,Eastern Province,113,الجبيل,Al Jubail,10500113021,الحمراء,Al Hamra Dist.,26.927847,49.724238,38
5,المنطقة الشرقية,Eastern Province,113,الجبيل,Al Jubail,10500113023,العزيزية,Al Aziziyah Dist.,26.845264,49.802868,124
5,المنطقة الشرقية,Eastern Province,113,الجبيل,Al Jubail,10500113024,قرطبة,Cordoba Dist.,26.863667,49.782048,39
5,المنطقة الشرقية,Eastern Province,113,الجبيل,Al Jubail,10500113034,الفيحاء,Al Fayha Dist.,27.115177,49.547215,3
5,المنطقة الشرقية,Eastern Province,113,الجبيل,Al Jubail,10500113037,دارين,Darin Dist.,27.171242,49.576835,4
5,المنطقة الشرقية,Eastern Province,113,الجبيل,Al Jubail,10500113044,القدس,Al Quds Dist.,27.1301,49.543388,3
5,المنطقة الشرقية,Eastern Province,113,الجبيل,Al Jubail,10500113045,جلمودة,Jalmudah Dist.,27.173187,49.529754,20
5,المنطقة الشرقية,Eastern Province,113,الجبيل,Al Jubail,10500113046,المطرفية,Al Matrafiyah Dist.,27.102579,49.517164,4
5,المنطقة الشرقية,Eastern Province,115,النعيرية,An Nu'ayriyah,10500115004,الربيع,Ar Rabie Dist.,27.480607,48.517643,23
5,المنطقة الشرقية,Eastern Province,115,النعيرية,An Nu'ayriyah,10500115007,الخليج,Al Khalij Dist.,27.468626,48.525538,12
5,المنطقة الشرقية,Eastern Province,115,النعيرية,An Nu'ayriyah,10500115008,المحمدية,Al Muhammadiyah Dist.,27.471399,48.475449,3
5,المنطقة الشرقية,Eastern Province,115,النعيرية,An Nu'ayriyah,10500115009,الفيصلية,Al Faisaliyah Dist.,27.482018,48.469791,8
5,المنطقة الشرقية,Eastern Province,243,بقيق,Buqayq,10500243009,المطار,Al Matar Dist.,25.927448,49.656932,10
5,المنطقة الشرقية,Eastern Province,2038,العيون,Al Uyun,10502038022,الرابية,Ar Rabiyah Dist.,25.577137,49.5571,5
5,المنطقة الشرقية,Eastern Province,2464,الخفجي,Al Khafji,10502464001,السلام,As Salam Dist.,28.38707,48.449625,4
5,المنطقة الشرقية,Eastern Province,2464,الخفجي,Al Khafji,10502464005,الشاطئ,Ash Shati Dist.,28.470327,48.487423,3
5,المنطقة الشرقية,Eastern Province,2464,الخفجي,Al Khafji,10502464006,الروضة,Ar Rawdah Dist.,28.399374,48.460815,5
5,المنطقة الشرقية,Eastern Province,2464,الخفجي,Al Khafji,10502464008,الخزامى,Al Khuzama Dist.,28.453694,48.481987,3
5,المنطقة الشرقية,Eastern Province,2464,الخفجي,Al Khafji,10502464010,العزيزية,Al Aziziyah Dist.,28.458494,48.491381,4
5,المنطقة الشرقية,Eastern Province,2464,الخفجي,Al Khafji,10502464021,الملك فهد,King Fahd Dist.,28.411358,48.482005,3
5,المنطقة الشرقية,Eastern Province,2590,راس تنورة,Ras Tannurah,10502590005,الاندلس,Al Andalus Dist.,26.702556,50.068161,8
5,المنطقة الشرقية,Eastern Province,2590,راس تنورة,Ras Tannurah,10502590007,الفيحاء,Al Fayha Dist.,26.713114,50.053843,8
5,المنطقة الشرقية,Eastern Province,2590,راس تنورة,Ras Tannurah,10502590008,الدانة,Ad Danah Dist.,26.705331,50.063272,6
6,منطقة عسير,Asir,15,ابها,Abha,10600015001,المنهل,Al Manhal Dist.,18.222167,42.514811,6
6,منطقة عسير,Asir,15,ابها,Abha,10600015004,النزهة,An Nuzhah Dist.,18.211756,42.512431,5
6,منطقة عسير,Asir,15,ابها,Abha,10600015005,ذرة,Dhurah Dist.,18.203529,42.508094,6
6,منطقة عسير,Asir,15,ابها,Abha,10600015006,شمسان,Shamsan Dist.,18.228981,42.505756,13
6,منطقة عسير,Asir,15,ابها,Abha,10600015007,القرى,Al Qura Dist.,18.237919,42.494496,11
6,منطقة عسير,Asir,15,ابها,Abha,10600015009,الربوة,Ar Rabwah Dist.,18.206976,42.524477,7
6,منطقة عسير,Asir,15,ابها,Abha,10600015010,النسيم,Al Naseem Dist.,18.209588,42.537412,7
6,منطقة عسير,Asir,15,ابها,Abha,10600015011,الاندلس,Al Andalus Dist.,18.217204,42.518558,6
6,منطقة عسير,Asir,15,ابها,Abha,10600015014,الوصايف,Al Wasaif Dist.,18.236424,42.483936,11
6,منطقة عسير,Asir,15,ابها,Abha,10600015017,الشفاء,Ash Shifa Dist.,18.207432,42.494156,5
6,منطقة عسير,Asir,15,ابها,Abha,10600015020,المروج,Al Muruj Dist.,18.215276,42.556766,102
6,منطقة عسير,Asir,15,ابها,Abha,10600015026,العرين,Al Arin Dist.,18.233392,42.555345,69
6,منطقة عسير,Asir,15,ابها,Abha,10600015027,البديع,Al Badi Dist.,18.22462,42.598455,97
6,منطقة عسير,Asir,15,ابها,Abha,10600015028,الصفا,Al Safa Dist.,18.223039,42.579697,4
6,منطقة عسير,Asir,15,ابها,Abha,10600015031,التعاون,At Taawun Dist.,18.269085,42.462167,9
6,منطقة عسير,Asir,15,ابها,Abha,10600015033,الروضة,Al Rawdah Dist.,18.232479,42.629554,46
6,منطقة عسير,Asir,15,ابها,Abha,10600015035,الروابي,Ar Rawabi Dist.,18.25656,42.60829,138
6,منطقة عسير,Asir,15,ابها,Abha,10600015036,المطار,Airport Dist.,18.260034,42.642844,10
6,منطقة عسير,Asir,15,ابها,Abha,10600015037,المصيف,Al Masif Dist.,18.284728,42.514702,5
6,منطقة عسير,Asir,15,ابها,Abha,10600015038,سلطانة,Sultanah Dist.,18.273418,42.633945,80
6,منطقة عسير,Asir,15,ابها,Abha,10600015040,البحيره,Al Bhira Dist.,18.223948,42.470807,8
6,منطقة عسير,Asir,15,ابها,Abha,10600015041,العقيق,Al Aqiq  Dist.,18.194964,42.608386,41
6,منطقة عسير,Asir,15,ابها,Abha,10600015042,السلام,As Salam Dist.,18.244736,42.470595,19
6,منطقة عسير,Asir,15,ابها,Abha,10600015043,الزهور,Az Zuhur Dist.,18.313352,42.624988,124
6,منطقة عسير,Asir,15,ابها,Abha,10600015044,المسك,Al Misk Dist.,18.176723,42.62065,4
6,منطقة عسير,Asir,62,خميس مشيط,Khamis Mushayt,10600062001,الراقي,Al Raqi Dist.,18.32895,42.753114,23
6,منطقة عسير,Asir,62,خميس مشيط,Khamis Mushayt,10600062003,الواحة,Al Wahah Dist.,18.332136,42.69523,9
6,منطقة عسير,Asir,62,خميس مشيط,Khamis Mushayt,10600062005,الجزيرة,Al Jazirah Dist.,18.413824,42.678926,4
6,منطقة عسير,Asir,62,خميس مشيط,Khamis Mushayt,10600062015,شباعة,Shubaah Dist.,18.319831,42.725569,5
6,منطقة عسير,Asir,62,خميس مشيط,Khamis Mushayt,10600062018,المعمورة,Al Mamurah Dist.,18.326818,42.72077,6
6,منطقة عسير,Asir,62,خميس مشيط,Khamis Mushayt,10600062019,النسيم,Al Naseem Dist.,18.291122,42.763198,6
6,منطقة عسير,Asir,62,خميس مشيط,Khamis Mushayt,10600062025,الصقور,As Suqur Dist.,18.299724,42.759057,5
6,منطقة عسير,Asir,62,خميس مشيط,Khamis Mushayt,10600062027,النخيل,Al Nakhil Dist.,18.296856,42.747906,4
6,منطقة عسير,Asir,62,خميس مشيط,Khamis Mushayt,10600062029,الشرفية,Ash Sharafiyah Dist.,18.305671,42.746152,3
6,منطقة عسير,Asir,62,خميس مشيط,Khamis Mushayt,10600062030,الربيع,Ar Rabie Dist.,18.31501,42.690531,16
6,منطقة عسير,Asir,62,خميس مشيط,Khamis Mushayt,10600062034,الدوحة,Ad Dawhah Dist.,18.399836,42.722177,4
6,منطقة عسير,Asir,62,خميس مشيط,Khamis Mushayt,10600062036,القافلة,Al Qafilah Dist.,18.424085,42.719129,35
6,منطقة عسير,Asir,62,خميس مشيط,Khamis Mushayt,10600062039,الرونه,Ar Runah Dist.,18.227645,42.805929,5
6,منطقة عسير,Asir,62,خميس مشيط,Khamis Mushayt,10600062040,الشفاء,Ash Shifa Dist.,18.26416,42.737124,31
6,منطقة عسير,Asir,62,خميس مشيط,Khamis Mushayt,10600062041,ذلالة,Dhalalah Dist.,18.246519,42.752208,11
6,منطقة عسير,Asir,62,خميس مشيط,Khamis Mushayt,10600062042,الرصراص 2,Ar Rasras 2 Dist.,18.252599,42.779096,6
6,منطقة عسير,Asir,62,خميس مشيط,Khamis Mushayt,10600062046,الجامعيين,Al Jamiyin Dist.,18.311814,42.669954,16
6,منطقة عسير,Asir,62,خميس مشيط,Khamis Mushayt,10600062047,الوسام,Al Wasam Dist.,18.350491,42.76521,19
6,منطقة عسير,Asir,62,خميس مشيط,Khamis Mushayt,10600062048,اليرموك,Al Yarmuk Dist.,18.338424,42.759786,46
6,منطقة عسير,Asir,62,خميس مشيط,Khamis Mushayt,10600062049,الحرابى,Al Harabi Dist.,18.252792,42.740391,4
6,منطقة عسير,Asir,62,خميس مشيط,Khamis Mushayt,10600062052,الهرير الغربى,Al Harir Western Dist.,18.235821,42.768975,8
6,منطقة عسير,Asir,62,خميس مشيط,Khamis Mushayt,10600062054,الظرفة,Al Dhurfah Dist.,18.291768,42.697295,102
6,منطقة عسير,Asir,62,خميس مشيط,Khamis Mushayt,10600062055,تارة,Tara Dist.,18.273422,42.668217,5
6,منطقة عسير,Asir,62,خميس مشيط,Khamis Mushayt,10600062057,الجبل,Al Jabal Dist.,18.26034,42.67189,13
6,منطقة عسير,Asir,62,خميس مشيط,Khamis Mushayt,10600062058,شمال التضامن,Shamal At Tadamun Dist.,18.35495,42.694535,37
6,منطقة عسير,Asir,62,خميس مشيط,Khamis Mushayt,10600062059,نشوان,Nashwan Dist.,18.343339,42.725562,14
6,منطقة عسير,Asir,62,خميس مشيط,Khamis Mushayt,10600062060,المصيف,Al Masif Dist.,18.286245,42.662728,18
6,منطقة عسير,Asir,62,خميس مشيط,Khamis Mushayt,10600062061,الصناعية,As Sinaiyah Dist.,18.384036,42.700639,6
6,منطقة عسير,Asir,62,خميس مشيط,Khamis Mushayt,10600062062,الوفاء,Al Wafa Dist.,18.33936,42.749244,15
6,منطقة عسير,Asir,62,خميس مشيط,Khamis Mushayt,10600062063,التعاون,At Taawun Dist.,18.361766,42.711181,17
6,منطقة عسير,Asir,62,خميس مشيط,Khamis Mushayt,10600062066,ذهبان الغربى,Western Dhahban Dist.,18.272332,42.74044,6
6,منطقة عسير,Asir,62,خميس مشيط,Khamis Mushayt,10600062067,ذهبان الشرقى,Eastern Dhahban Dist.,18.270329,42.750285,9
6,منطقة عسير,Asir,62,خميس مشيط,Khamis Mushayt,10600062068,الرصراص 1,Ar Rasras 1 Dist.,18.262246,42.765141,7
6,منطقة عسير,Asir,62,خميس مشيط,Khamis Mushayt,10600062069,الوقواق,Al Waqwaq Dist.,18.256607,42.75179,3
6,منطقة عسير,Asir,65,احد رفيده,Ahad Rifaydah,10600065005,النهضة,An Nahdah Dist.,18.184588,42.859293,11
6,منطقة عسير,Asir,65,احد رفيده,Ahad Rifaydah,10600065012,الخليج,Al Khalij Dist.,18.192752,42.820262,18
6,منطقة عسير,Asir,256,طريب,Tarib,10600256002,النزهة,Al Nuzhah Dist.,18.557016,43.197494,5
6,منطقة عسير,Asir,256,طريب,Tarib,10600256005,الفاخرية,Al Fakhriyah Dist.,18.522396,43.227589,4
6,منطقة عسير,Asir,1514,بيشة,Bishah,10601514004,الخزان,Al Khazzan Dist.,20.052432,42.683095,8
6,منطقة عسير,Asir,1514,بيشة,Bishah,10601514023,النزهة,An Nuzhah Dist.,19.893507,42.608803,3
6,منطقة عسير,Asir,1514,بيشة,Bishah,10601514027,الامير سلطان,Prince Sultan Dist.,19.932241,42.603044,5
6,منطقة عسير,Asir,2519,النماص,An Namas,10602519010,السلام,As Salam Dist.,19.129116,42.132188,4
6,منطقة عسير,Asir,3273,تنومة,Tanumah,10603273001,الامل,Al Amal Dist.,18.941513,42.201161,3
6,منطقة عسير,Asir,3328,سراة عبيدة,Sarat Abidah,10603328006,الروضة,Ar Rawdah Dist.,18.078945,43.124034,3
7,منطقة تبوك,Tabuk,1,تبوك,Tabuk,10700001005,الاخضر,Al Akhdar Dist.,28.360338,36.503932,8
7,منطقة تبوك,Tabuk,1,تبوك,Tabuk,10700001006,البوادي,Al Bawadi Dist.,28.360381,36.524627,13
7,منطقة تبوك,Tabuk,1,تبوك,Tabuk,10700001007,اليرموك,Al Yarmuk Dist.,28.350172,36.50647,10
7,منطقة تبوك,Tabuk,1,تبوك,Tabuk,10700001009,النظيم,Al Nadheem Dist.,28.371027,36.529791,3
7,منطقة تبوك,Tabuk,1,تبوك,Tabuk,10700001012,الحمراء,Al Hamra Dist.,28.369633,36.575665,3
7,منطقة تبوك,Tabuk,1,تبوك,Tabuk,10700001015,سلطانة,Sultanah Dist.,28.393009,36.595608,7
7,منطقة تبوك,Tabuk,1,تبوك,Tabuk,10700001016,الفيصلية الجنوبية,Faisaliyah South Dist.,28.392992,36.57783,8
7,منطقة تبوك,Tabuk,1,تبوك,Tabuk,10700001017,الفيصلية الشمالية,Faisaliyah North Dist.,28.40661,36.564022,3
7,منطقة تبوك,Tabuk,1,تبوك,Tabuk,10700001018,النهضة,Al Nahdah Dist.,28.389791,36.527845,4
7,منطقة تبوك,Tabuk,1,تبوك,Tabuk,10700001019,الروضة,Al Rawdah Dist.,28.405462,36.522547,4
7,منطقة تبوك,Tabuk,1,تبوك,Tabuk,10700001022,الريان,Al Rayan Dist.,28.46777,36.55548,18
7,منطقة تبوك,Tabuk,1,تبوك,Tabuk,10700001023,الورود,Al Wurud Dist.,28.411231,36.567951,3
7,منطقة تبوك,Tabuk,1,تبوك,Tabuk,10700001026,الفلاح,Al Falah Dist.,28.480041,36.554925,5
7,منطقة تبوك,Tabuk,1,تبوك,Tabuk,10700001033,الجامعة,Al Jamiah Dist.,28.464112,36.473671,4
7,منطقة تبوك,Tabuk,1,تبوك,Tabuk,10700001044,القادسية الثاني,Al Qadisiyah 2 Dist.,28.442726,36.50604,8
7,منطقة تبوك,Tabuk,1,تبوك,Tabuk,10700001047,القدس,Al Quds Dist.,28.412025,36.462391,7
7,منطقة تبوك,Tabuk,1,تبوك,Tabuk,10700001048,التعاون,Al Taawun Dist.,28.423979,36.468758,5
7,منطقة تبوك,Tabuk,1,تبوك,Tabuk,10700001049,القادسية الاول,Al Qadisiyah 1 Dist.,28.426198,36.514526,4
7,منطقة تبوك,Tabuk,1,تبوك,Tabuk,10700001050,غرناطة,Ghirnatah Dist.,28.411798,36.469375,6
7,منطقة تبوك,Tabuk,1,تبوك,Tabuk,10700001053,الياسمين,Al Yasmin Dist.,28.424216,36.4494,4
7,منطقة تبوك,Tabuk,74,تيماء,Tayma',10700074012,الرحمانية,Ar Rahmaniyah Dist.,27.609072,38.500799,5
8,منطقة حائل,Hail,10,حائل,Hail,10800010001,اجا,Aja Dist.,27.559871,41.690079,4
8,منطقة حائل,Hail,10,حائل,Hail,10800010002,العزيزية,Al Aziziyah Dist.,27.525799,41.688699,9
8,منطقة حائل,Hail,10,حائل,Hail,10800010012,الخزامى,Al Khuzama Dist.,27.572427,41.724133,17
8,منطقة حائل,Hail,10,حائل,Hail,10800010014,حدري البلاد,Hadri Al Bilad Dist.,27.548116,41.76515,7
8,منطقة حائل,Hail,10,حائل,Hail,10800010016,السويفلة,As Suwayfilah Dist.,27.555584,41.746703,9
8,منطقة حائل,Hail,10,حائل,Hail,10800010019,الوسيطاء,Al Wusayta Dist.,27.515688,41.668996,3
8,منطقة حائل,Hail,10,حائل,Hail,10800010020,صبابة,Sababah Dist.,27.525299,41.648078,3
8,منطقة حائل,Hail,10,حائل,Hail,10800010021,المطار,Al Matar Dist.,27.502861,41.691895,5
8,منطقة حائل,Hail,10,حائل,Hail,10800010023,المدائن,Al Madaen Dist.,27.410811,41.719071,35
8,منطقة حائل,Hail,10,حائل,Hail,10800010025,النقرة,An Naqrah Dist.,27.474166,41.665365,35
8,منطقة حائل,Hail,10,حائل,Hail,10800010029,السويفلة,As Suwayfilah Dist.,27.555584,41.746703,9
8,منطقة حائل,Hail,10,حائل,Hail,10800010032,المصيف,Al Masif Dist.,27.584767,41.674478,6
8,منطقة حائل,Hail,10,حائل,Hail,10800010033,المنتزه الشرقي,Al Muntazah Ash Sharqi Dist.,27.547982,41.699502,4
8,منطقة حائل,Hail,10,حائل,Hail,10800010034,اللقيطة,Al Laqitah Dist.,27.645918,41.695055,7
8,منطقة حائل,Hail,10,حائل,Hail,10800010035,الوادي,Al Wadi Dist.,27.425585,41.587625,35
8,منطقة حائل,Hail,10,حائل,Hail,10800010036,الرصف,Ar Rasf Dist.,27.445119,41.612088,13
8,منطقة حائل,Hail,10,حائل,Hail,10800010038,ضاحية الملك فهد,Dahiyat King Fahd Dist,27.643542,41.768613,7
8,منطقة حائل,Hail,10,حائل,Hail,10800010044,قفار,Qfaar Dist.,27.400828,41.605164,34
8,منطقة حائل,Hail,1228,الشنان,Ash Shinan,10801228001,السلام,As Salam Dist.,27.199065,42.460027,26
8,منطقة حائل,Hail,1228,الشنان,Ash Shinan,10801228005,العزيزية,Al Aziziyah Dist.,27.208893,42.46904,3
8,منطقة حائل,Hail,2370,بقعاء,Baq'a,10802370012,ج2,C2 Dist.,27.927265,42.359224,3
9,منطقة الحدود الشمالية,Northern Borders,2213,عرعر,Arar,10902213001,غرناطة الشرقي,Ghirnatah Eastern Dist.,31.003886,41.19149,16
9,منطقة الحدود الشمالية,Northern Borders,2213,عرعر,Arar,10902213006,ضاحية الملك فهد,Dahiyat King Fahd Dist,30.924186,41.095998,3
9,منطقة الحدود الشمالية,Northern Borders,2213,عرعر,Arar,10902213042,قرطبة,Qurtubah Dist.,30.998498,41.14815,3
9,منطقة الحدود الشمالية,Northern Borders,2213,عرعر,Arar,10902213060,غرناطة الغربي,Ghirnatah Wesrtern Dist.,31.007902,41.171592,8
10,منطقة جازان,Jazan,17,جازان,Jazan,11000017004,الصفا,As Safa Dist.,16.884039,42.566177,5
10,منطقة جازان,Jazan,17,جازان,Jazan,11000017007,المطار,Airport Dist.,16.894995,42.570748,19
10,منطقة جازان,Jazan,17,جازان,Jazan,11000017008,الروابي,Ar Rawabi Dist.,17.000397,42.633152,28
10,منطقة جازان,Jazan,17,جازان,Jazan,11000017009,الزهور,Az Zuhur Dist.,16.892325,42.615862,20
10,منطقة جازان,Jazan,17,جازان,Jazan,11000017010,الشاطئ,Ash Shati Dist.,16.922958,42.556526,76
10,منطقة جازان,Jazan,17,جازان,Jazan,11000017011,الروضة,Ar Rawdah Dist.,16.920935,42.568068,61
10,منطقة جازان,Jazan,17,جازان,Jazan,11000017014,النور,An Nur Dist.,16.937255,42.627584,10
10,منطقة جازان,Jazan,17,جازان,Jazan,11000017016,الجبل,Al Jabal Dist.,16.880133,42.550643,3
10,منطقة جازان,Jazan,3525,ابو عريش,Abu Arish,11003525011,الروضة,Ar Rawdah Dist.,16.960089,42.816768,8
10,منطقة جازان,Jazan,3525,ابو عريش,Abu Arish,11003525015,الصفا,As Safa Dist.,16.977488,42.818153,3
11,منطقة نجران,Najran,3417,نجران,Najran,11103417044,الفهد,Al Fahd Dist.,17.573269,44.230106,4
12,منطقة الباحة,Bahah,1542,الباحة,Bahah,11201542001,الشروق,Al Shorouk Dist.,20.085074,41.574998,3
12,منطقة الباحة,Bahah,1542,الباحة,Bahah,11201542008,النزهة,An Nuzhah Dist.,20.014797,41.480684,3
13,منطقة الجوف,Jawf,2268,دومة الجندل,Dawmat Al Jandal,11302268021,الرديفة والرافعية,Ar Radifah Wal Rafeiyah Dist.,29.807425,39.669305,3
