district_id,district_ar,district_en,city_id,city_ar,city_en,region_ar,lat,lng,post_count
10100003001,حي العمل,Al Amal Dist.,3,الرياض,Riyadh,منطقة الرياض,24.644879,46.725251,21
10100003002,حي النموذجية,Al Namudhajiyah Dist.,3,الرياض,Riyadh,منطقة الرياض,24.658763,46.695292,19
10100003003,حي الجرادية,Al Jarradiyah Dist.,3,الرياض,Riyadh,منطقة الرياض,24.616083,46.696457,39
10100003004,حي الصناعية,Al Sinaiyah Dist.,3,الرياض,Riyadh,منطقة الرياض,24.639005,46.74208,9
10100003005,حي منفوحة الجديدة,Manfuha Al Jadidah Dist.,3,الرياض,Riyadh,منطقة الرياض,24.611721,46.716076,43
10100003006,حي الفاخرية,Al Fakhiriyah Dist.,3,الرياض,Riyadh,منطقة الرياض,24.645233,46.68512,10
10100003007,حي الديرة,Al Dirah Dist.,3,الرياض,Riyadh,منطقة الرياض,24.636839,46.709267,12
10100003008,حي ام الحمام الشرقي,East Umm Al Hamam Dist.,3,الرياض,Riyadh,منطقة الرياض,24.69095,46.65348,28
10100003009,حي الشرفية,Al Sharafiyah Dist.,3,الرياض,Riyadh,منطقة الرياض,24.655023,46.673862,11
10100003010,حي الهدا,Al Hada Dist.,3,الرياض,Riyadh,منطقة الرياض,24.657791,46.625487,13
10100003011,حي المعذر الشمالي,North Mathar Dist.,3,الرياض,Riyadh,منطقة الرياض,24.686069,46.668247,31
10100003012,حي ام الحمام الغربي,West Umm Al Hamam Dist.,3,الرياض,Riyadh,منطقة الرياض,24.700222,46.64547,144
10100003013,حي الرحمانية,Ar Rahmaniyah Dist.,3,الرياض,Riyadh,منطقة الرياض,24.717627,46.66468,71
10100003014,حي لبن,Laban Dist.,3,الرياض,Riyadh,منطقة الرياض,24.63583,46.602698,103
10100003015,حي الرفيعة,Ar Rafiah Dist.,3,الرياض,Riyadh,منطقة الرياض,24.639734,46.662276,57
10100003016,حي الشهداء,Al Shohda Dist.,3,الرياض,Riyadh,منطقة الرياض,24.79167,46.739083,155
10100003017,حي الملك فهد,King Fahd Dist.,3,الرياض,Riyadh,منطقة الرياض,24.740459,46.670147,85
10100003018,حي السويدي,Al Suwaidi Dist.,3,الرياض,Riyadh,منطقة الرياض,24.592075,46.672556,342
10100003019,حي الحزم,Al Hazm Dist.,3,الرياض,Riyadh,منطقة الرياض,24.534145,46.64239,594
10100003020,حي عتيقة,Utayqah Dist.,3,الرياض,Riyadh,منطقة الرياض,24.595836,46.707971,19
10100003021,حي المربع,Al Murabba Dist.,3,الرياض,Riyadh,منطقة الرياض,24.664521,46.70605,82
10100003022,حي الفلاح,Al Falah Dist.,3,الرياض,Riyadh,منطقة الرياض,24.796925,46.707725,123
10100003023,حي الندى,Al Nada Dist.,3,الرياض,Riyadh,منطقة الرياض,24.80507,46.684272,294
10100003024,حي المرسلات,Al Mursalat Dist.,3,الرياض,Riyadh,منطقة الرياض,24.749487,46.684437,94
10100003025,حي النزهة,Al Nuzha Dist.,3,الرياض,Riyadh,منطقة الرياض,24.755273,46.706092,168
10100003026,حي الورود,Al Woroud Dist.,3,الرياض,Riyadh,منطقة الرياض,24.72092,46.679953,147
10100003027,حي الملك فيصل,King Faisal Dist.,3,الرياض,Riyadh,منطقة الرياض,24.763153,46.776229,359
10100003029,حي العزيزية,Al Aziziyah Dist.,3,الرياض,Riyadh,منطقة الرياض,24.584674,46.768262,204
10100003030,حي المنصورة,Al Mansurah Dist.,3,الرياض,Riyadh,منطقة الرياض,24.60817,46.745589,23
10100003031,حي غبيرة,Ghobairah Dist.,3,الرياض,Riyadh,منطقة الرياض,24.623678,46.736368,17
10100003032,حي الفاروق,Al Farooq Dist.,3,الرياض,Riyadh,منطقة الرياض,24.654133,46.76822,57
10100003033,حي الفيصلية,Al Faisaliyah Dist.,3,الرياض,Riyadh,منطقة الرياض,24.641365,46.786673,31
10100003034,حي الخالدية,Al Khalidiyah Dist.,3,الرياض,Riyadh,منطقة الرياض,24.624803,46.755929,31
10100003035,حي الجزيرة,Al Jazeerah Dist.,3,الرياض,Riyadh,منطقة الرياض,24.669392,46.793386,46
10100003036,حي السعادة,Al Saadah Dist.,3,الرياض,Riyadh,منطقة الرياض,24.691306,46.836293,434
10100003037,حي الناصرية,Al Nasiriyah Dist.,3,الرياض,Riyadh,منطقة الرياض,24.650821,46.673035,12
10100003038,حي المناخ,Al Manakh Dist.,3,الرياض,Riyadh,منطقة الرياض,24.618952,46.798186,55
10100003039,حي الدفاع,Al Difaa Dist.,3,الرياض,Riyadh,منطقة الرياض,24.584561,46.837629,3
10100003040,حي النور,Al Noor Dist.,3,الرياض,Riyadh,منطقة الرياض,24.619442,46.812267,20
10100003041,حي الملك عبدالله,King Abdullah Dist.,3,الرياض,Riyadh,منطقة الرياض,24.729713,46.746266,66
10100003044,حي الملك عبدالعزيز,King Abdulaziz Dist.,3,الرياض,Riyadh,منطقة الرياض,24.699243,46.721438,105
10100003045,حي الوزارات,Al Wizarat Dist.,3,الرياض,Riyadh,منطقة الرياض,24.686754,46.715469,79
10100003046,حي سكيرينة,Skirinah Dist.,3,الرياض,Riyadh,منطقة الرياض,24.616707,46.717192,4
10100003047,حي الربوة,Ar Rabwah Dist.,3,الرياض,Riyadh,منطقة الرياض,24.688024,46.76129,102
10100003048,حي جرير,Jareer Dist.,3,الرياض,Riyadh,منطقة الرياض,24.675463,46.748216,142
10100003049,حي المعذر,Al Mathar Dist.,3,الرياض,Riyadh,منطقة الرياض,24.669907,46.66613,48
10100003050,حي الصالحية,As Salhiyah Dist.,3,الرياض,Riyadh,منطقة الرياض,24.635851,46.734132,14
10100003051,حي الملز,Al Malaz Dist.,3,الرياض,Riyadh,منطقة الرياض,24.662054,46.73335,164
10100003052,حي منفوحة,Manfuhah Dist.,3,الرياض,Riyadh,منطقة الرياض,24.603045,46.725986,42
10100003053,حي عليشة,Olaishah Dist.,3,الرياض,Riyadh,منطقة الرياض,24.629844,46.684029,11
10100003054,حي النهضة,Al Nahdah Dist.,3,الرياض,Riyadh,منطقة الرياض,24.763156,46.822632,487
10100003055,حي الخليج,Al Khaleej Dist.,3,الرياض,Riyadh,منطقة الرياض,24.777667,46.804572,835
10100003056,حي الضباط,Al Dhubbat Dist.,3,الرياض,Riyadh,منطقة الرياض,24.689256,46.719994,138
10100003057,حي السويدي الغربي,West Suwaidi Dist.,3,الرياض,Riyadh,منطقة الرياض,24.574777,46.622992,115
10100003058,حي ديراب,Dirab Dist.,3,الرياض,Riyadh,منطقة الرياض,24.50763,46.628683,170
10100003059,حي احد,Ohod Dist.,3,الرياض,Riyadh,منطقة الرياض,24.488184,46.63519,64
10100003060,حي نمار,Namar Dist.,3,الرياض,Riyadh,منطقة الرياض,24.569284,46.684767,61
10100003061,حي الشفا,Al Shifa Dist.,3,الرياض,Riyadh,منطقة الرياض,24.562468,46.69851,44
10100003062,حي المحمدية,Al Muhammadiyah Dist.,3,الرياض,Riyadh,منطقة الرياض,24.734612,46.6465,137
10100003063,حي السليمانية,Al Sulaimaniyah Dist.,3,الرياض,Riyadh,منطقة الرياض,24.712614,46.692513,458
10100003064,حي المروة,Al Marwah Dist.,3,الرياض,Riyadh,منطقة الرياض,24.53956,46.669883,82
10100003065,حي عكاظ,Okaz Dist.,3,الرياض,Riyadh,منطقة الرياض,24.510654,46.66493,961
10100003066,حي شبرا,Shubra Dist.,3,الرياض,Riyadh,منطقة الرياض,24.570516,46.653772,205
10100003067,حي الزهرة,Al Zahrah Dist.,3,الرياض,Riyadh,منطقة الرياض,24.578791,46.644554,164
10100003069,حي سلطانة,Sultanah Dist.,3,الرياض,Riyadh,منطقة الرياض,24.603123,46.68824,42
10100003070,حي اليمامة,Al Yamamah Dist.,3,الرياض,Riyadh,منطقة الرياض,24.596596,46.716332,64
10100003071,حي البديعة,Al Badiah Dist.,3,الرياض,Riyadh,منطقة الرياض,24.617871,46.681305,31
10100003072,حي المصانع,Al Masani Dist.,3,الرياض,Riyadh,منطقة الرياض,24.56824,46.747637,28
10100003073,حي القادسية,Al Qadisiyah Dist.,3,الرياض,Riyadh,منطقة الرياض,24.818676,46.824954,996
10100003074,حي الصفا,Al Safa Dist.,3,الرياض,Riyadh,منطقة الرياض,24.667292,46.776568,27
10100003075,حي العليا,Al Olaya Dist.,3,الرياض,Riyadh,منطقة الرياض,24.701529,46.680244,697
10100003076,حي الدريهمية,Al Duraihemiyah Dist.,3,الرياض,Riyadh,منطقة الرياض,24.59475,46.694771,127
10100003078,حي السلام,Al Salam Dist.,3,الرياض,Riyadh,منطقة الرياض,24.706936,46.814541,118
10100003079,حي المنار,Al Manar Dist.,3,الرياض,Riyadh,منطقة الرياض,24.727734,46.798632,80
10100003080,حي النسيم الشرقي,East Naseem Dist.,3,الرياض,Riyadh,منطقة الرياض,24.739815,46.842155,228
10100003081,حي القدس,Al Quds Dist.,3,الرياض,Riyadh,منطقة الرياض,24.753447,46.757535,208
10100003082,حي الوادي,Al Wadi Dist.,3,الرياض,Riyadh,منطقة الرياض,24.787929,46.691852,524
10100003083,حي النفل,Al Nafel Dist.,3,الرياض,Riyadh,منطقة الرياض,24.78263,46.677312,292
10100003084,حي المصيف,Al Maseef Dist.,3,الرياض,Riyadh,منطقة الرياض,24.767442,46.680117,296
10100003085,حي التعاون,Al Taawun Dist.,3,الرياض,Riyadh,منطقة الرياض,24.773643,46.694652,202
10100003086,حي الازدهار,Al Ezdihar Dist.,3,الرياض,Riyadh,منطقة الرياض,24.781154,46.721156,279
10100003087,حي الاندلس,Al Andalus Dist.,3,الرياض,Riyadh,منطقة الرياض,24.744649,46.789634,92
10100003088,حي الروضة,Al Rawdah Dist.,3,الرياض,Riyadh,منطقة الرياض,24.734874,46.768935,276
10100003089,حي الروابي,Al Rawabi Dist.,3,الرياض,Riyadh,منطقة الرياض,24.694167,46.790214,99
10100003090,حي الريان,Al Rayan Dist.,3,الرياض,Riyadh,منطقة الرياض,24.71438,46.783097,152
10100003091,حي ظهرة البديعة,Dhahrat Al Badeah Dist.,3,الرياض,Riyadh,منطقة الرياض,24.59327,46.642502,81
10100003092,حي النظيم,Al Nadheem Dist.,3,الرياض,Riyadh,منطقة الرياض,24.842073,46.923915,277
10100003094,حي البرية,Al Bariyah Dist.,3,الرياض,Riyadh,منطقة الرياض,24.56807,46.908848,36
10100003095,حي طيبة,Taybah Dist.,3,الرياض,Riyadh,منطقة الرياض,24.55352,46.827307,84
10100003096,حي المنصورية,Mansuriyah Dist.,3,الرياض,Riyadh,منطقة الرياض,24.536644,46.796778,20
10100003097,حي ضاحية نمار,Dahiyat Namar Dist.,3,الرياض,Riyadh,منطقة الرياض,24.500907,46.53046,652
10100003098,حي المصفاة,Al Misfat Dist.,3,الرياض,Riyadh,منطقة الرياض,24.506838,46.903842,152
10100003101,حي قرطبة,Qurtubah Dist.,3,الرياض,Riyadh,منطقة الرياض,24.819669,46.737185,1386
10100003102,حي طويق,Tuwaiq Dist.,3,الرياض,Riyadh,منطقة الرياض,24.561314,46.54937,2754
10100003103,حي العوالي,Al Awaly Dist.,3,الرياض,Riyadh,منطقة الرياض,24.559986,46.602503,650
10100003104,حي الربيع,Ar Rabie Dist.,3,الرياض,Riyadh,منطقة الرياض,24.79665,46.662607,189
10100003105,حي المغرزات,Al Mughrazat Dist.,3,الرياض,Riyadh,منطقة الرياض,24.758643,46.732988,86
10100003106,حي السلي,Al Sulay Dist.,3,الرياض,Riyadh,منطقة الرياض,24.665076,46.847529,158
10100003107,حي العقيق,Al Aqeeq Dist.,3,الرياض,Riyadh,منطقة الرياض,24.779877,46.627189,1141
10100003108,حي النخيل,Al Nakheel Dist.,3,الرياض,Riyadh,منطقة الرياض,24.746432,46.630738,200
10100003109,حي الغدير,Al Ghadeer Dist.,3,الرياض,Riyadh,منطقة الرياض,24.776984,46.656824,87
10100003110,حي المروج,Al Muruj Dist.,3,الرياض,Riyadh,منطقة الرياض,24.757057,46.664898,165
10100003111,حي العود,Al Oud Dist.,3,الرياض,Riyadh,منطقة الرياض,24.631815,46.729079,29
10100003112,حي ثليم,Thulaim Dist.,3,الرياض,Riyadh,منطقة الرياض,24.641606,46.725754,31
10100003113,حي الشميسي,Al Shumaisi Dist.,3,الرياض,Riyadh,منطقة الرياض,24.62329,46.70036,29
10100003114,حي الوشام,Al Wisham Dist.,3,الرياض,Riyadh,منطقة الرياض,24.641761,46.70032,7
10100003118,حي جبرة,Jabrah Dist.,3,الرياض,Riyadh,منطقة الرياض,24.62294,46.71881,3
10100003120,حي المرقب,Al Marqab Dist.,3,الرياض,Riyadh,منطقة الرياض,24.635467,46.722581,37
10100003121,حي الفوطة,Al Futah Dist.,3,الرياض,Riyadh,منطقة الرياض,24.639791,46.715147,10
10100003122,حي ام سليم,Umm Saleem Dist.,3,الرياض,Riyadh,منطقة الرياض,24.632619,46.694634,10
10100003123,حي الصحافة,Al Sahafah Dist.,3,الرياض,Riyadh,منطقة الرياض,24.802899,46.636561,484
10100003125,حي الرائد,Al Raed Dist.,3,الرياض,Riyadh,منطقة الرياض,24.705742,46.633008,52
10100003126,حي العريجاء الغربي,West Oraija Dist.,3,الرياض,Riyadh,منطقة الرياض,24.588018,46.597604,118
10100003127,حي العريجاء,Al Uraija Dist.,3,الرياض,Riyadh,منطقة الرياض,24.62738,46.662209,14
10100003128,حي العريجاء الوسطى,Middle Oraija Dist.,3,الرياض,Riyadh,منطقة الرياض,24.6115,46.635941,27
10100003129,حي الحمراء,Al Hamra Dist.,3,الرياض,Riyadh,منطقة الرياض,24.776935,46.762433,269
10100003130,حي الدار البيضاء,Al Dar Al Baida Dist.,3,الرياض,Riyadh,منطقة الرياض,24.56271,46.787166,454
10100003132,حي الزهراء,Al Zahra Dist.,3,الرياض,Riyadh,منطقة الرياض,24.683266,46.731523,26
10100003133,حي الفيحاء,Al Fayha Dist.,3,الرياض,Riyadh,منطقة الرياض,24.681115,46.811382,209
10100003134,حي المؤتمرات,Al Mutamarat Dist.,3,الرياض,Riyadh,منطقة الرياض,24.670708,46.685288,12
10100003136,حي الجنادرية,Al Janadriyah Dist.,3,الرياض,Riyadh,منطقة الرياض,24.847909,46.892454,1556
10100003137,حي اشبيلية,Ishbiliyah Dist.,3,الرياض,Riyadh,منطقة الرياض,24.794843,46.794399,436
10100003138,حي المعيزلة,Al Maizalah Dist.,3,الرياض,Riyadh,منطقة الرياض,24.795972,46.844281,106
10100003139,حي اليرموك,Al Yarmuk Dist.,3,الرياض,Riyadh,منطقة الرياض,24.808436,46.784309,1210
10100003140,حي المونسية,Al Munisiyah Dist.,3,الرياض,Riyadh,منطقة الرياض,24.83149,46.7678,2341
10100003141,حي الخزامى,Al Khuzama Dist.,3,الرياض,Riyadh,منطقة الرياض,24.711756,46.613777,3
10100003142,عرقة,Irqah,3,الرياض,Riyadh,منطقة الرياض,24.684607,46.586618,243
10100003143,حي ظهرة لبن,Dhahrat Laban Dist.,3,الرياض,Riyadh,منطقة الرياض,24.62381,46.534475,1580
10100003144,حي حطين,Hiteen Dist.,3,الرياض,Riyadh,منطقة الرياض,24.77344,46.608669,727
10100003145,حي الملقا,Al Malqa Dist.,3,الرياض,Riyadh,منطقة الرياض,24.804228,46.602413,2380
10100003146,حي القيروان,Al Qairawan Dist.,3,الرياض,Riyadh,منطقة الرياض,24.827751,46.591319,769
10100003147,حي الياسمين,Al Yasmeen Dist.,3,الرياض,Riyadh,منطقة الرياض,24.823963,46.644672,1354
10100003148,حي العارض,Al Arid Dist.,3,الرياض,Riyadh,منطقة الرياض,24.881377,46.619293,2905
10100003149,مطار الملك خالد,King Khalid International Airport,3,الرياض,Riyadh,منطقة الرياض,24.95819,46.62705,7
10100003150,حي النرجس,Al Narjis Dist.,3,الرياض,Riyadh,منطقة الرياض,24.866203,46.657662,3769
10100003152,حي بنبان,Banban Dist.,3,الرياض,Riyadh,منطقة الرياض,25.021828,46.522598,45
10100003153,حي الرمال,Al Rimal Dist.,3,الرياض,Riyadh,منطقة الرياض,24.868436,46.811114,4314
10100003155,حي غرناطة,Ghirnatah Dist.,3,الرياض,Riyadh,منطقة الرياض,24.798965,46.75052,204
10100003158,حي هيت,Hyt Dist.,3,الرياض,Riyadh,منطقة الرياض,24.464446,46.981668,8
10100003159,حي الحائر,Al Haer Dist.,3,الرياض,Riyadh,منطقة الرياض,24.409971,46.841987,28
10100003161,حي ام الشعال,Umm Al Shaal Dist.,3,الرياض,Riyadh,منطقة الرياض,24.343826,46.963683,4
10100003162,حي الغنامية,Al Ghannamiyah Dist.,3,الرياض,Riyadh,منطقة الرياض,24.476506,46.808428,52
10100003163,حي عريض,Oraid Dist.,3,الرياض,Riyadh,منطقة الرياض,24.445597,46.76292,510
10100003164,حي بدر,Badr Dist.,3,الرياض,Riyadh,منطقة الرياض,24.517042,46.73295,1952
10100003165,حي المهدية,Al Mahdiyah Dist.,3,الرياض,Riyadh,منطقة الرياض,24.660882,46.523857,2575
10100003167,حي النسيم الغربي,West Naseem Dist.,3,الرياض,Riyadh,منطقة الرياض,24.725872,46.826454,341
10100003168,حي المشاعل,Al Mishael Dist.,3,الرياض,Riyadh,منطقة الرياض,24.614076,46.867245,58
10100003169,حي الندوة,Al Nadwah Dist.,3,الرياض,Riyadh,منطقة الرياض,24.79708,46.878412,308
10100003172,حي وادي لبن,Wady Laban Dist.,3,الرياض,Riyadh,منطقة الرياض,24.598441,46.53692,5
10100003174,حي السدرة,Al Sidrah Dist.,3,الرياض,Riyadh,منطقة الرياض,24.449138,46.879488,4
10100003177,حي البساتين,Al Basatin Dist.,3,الرياض,Riyadh,منطقة الرياض,25.147015,47.196175,3
10100003182,حي الرسالة,Al Risalah Dist.,3,الرياض,Riyadh,منطقة الرياض,25.03885,47.235131,11
10100003183,حي الخير,Al Khair Dist.,3,الرياض,Riyadh,منطقة الرياض,25.047502,46.425992,297
10100003184,حي الفرسان,Al Fursan Dist.,3,الرياض,Riyadh,منطقة الرياض,25.016326,47.219502,10
10100003185,حي الشعلة,Al Sholah Dist.,3,الرياض,Riyadh,منطقة الرياض,25.069062,47.140402,78
10100003186,حي الراية,Al Rayah Dist.,3,الرياض,Riyadh,منطقة الرياض,25.032469,47.200042,16
10100003188,حي الزاهر,Al Zaher Dist.,3,الرياض,Riyadh,منطقة الرياض,25.036661,47.056282,90
10100003189,حي المرجان,Al Marjan Dist.,3,الرياض,Riyadh,منطقة الرياض,24.91862,46.866722,270
10100003190,حي البيان,Al Bayan Dist.,3,الرياض,Riyadh,منطقة الرياض,24.882763,46.864141,573
10100003191,حي العلا,Al Ula Dist.,3,الرياض,Riyadh,منطقة الرياض,25.033692,47.144041,64
10100003192,حي المشرق,Al Mashriq Dist.,3,الرياض,Riyadh,منطقة الرياض,24.979413,47.038376,62
10100003193,حي النخبة,Al Nakhbah Dist.,3,الرياض,Riyadh,منطقة الرياض,25.029273,47.262336,49
10100003194,حي السحاب,Al Sahab Dist.,3,الرياض,Riyadh,منطقة الرياض,24.92924,46.936487,15
10100003195,حي الوسام,Al Wasam Dist.,3,الرياض,Riyadh,منطقة الرياض,24.912824,46.90553,46
10100024002,حي اليرموك,Al Yarmuk Dist.,24,المجمعة,Al Majma'ah,منطقة الرياض,25.914359,45.359808,3
10100024004,حي الملك فهد,King Fahd Dist.,24,المجمعة,Al Majma'ah,منطقة الرياض,25.898456,45.344517,8
10100024006,حي الملك عبدالعزيز,King Abdulaziz Dist.,24,المجمعة,Al Majma'ah,منطقة الرياض,25.906807,45.361973,7
10100024007,حي الاندلس,Al Andalus Dist.,24,المجمعة,Al Majma'ah,منطقة الرياض,25.918991,45.371197,14
10100024008,حي المطار,Al Matar Dist.,24,المجمعة,Al Majma'ah,منطقة الرياض,25.92134,45.382843,7
10100024009,حي الملك عبدالله,King Abdullah Dist.,24,المجمعة,Al Majma'ah,منطقة الرياض,25.912779,45.392051,13
10100024012,حي الجامعيين,Al Jamiyin Dist.,24,المجمعة,Al Majma'ah,منطقة الرياض,25.901844,45.38183,10
10100024014,حي المستقبل,Al Mustaqbal Dist.,24,المجمعة,Al Majma'ah,منطقة الرياض,25.897244,45.411285,28
10100162006,حي الملك فيصل,King Faisal Dist.,162,جلاجل,Jalajil,منطقة الرياض,25.718448,45.463519,7
10100165004,حي الربعة,Ar Rabah Dist.,165,حوطة سدير,Hawtat Sudair,منطقة الرياض,25.601333,45.609351,4
10100165007,حي بدر,Badr Dist.,165,حوطة سدير,Hawtat Sudair,منطقة الرياض,25.601442,45.629446,3
10100165014,حي المروج,Al Muruj Dist.,165,حوطة سدير,Hawtat Sudair,منطقة الرياض,25.609767,45.633141,3
10100168001,حي سلطانة,Sultanah Dist.,168,الارطاوية,Al Artawiyah,منطقة الرياض,26.497368,45.351036,3
10100168002,حي الفيحاء,Al Fayha Dist.,168,الارطاوية,Al Artawiyah,منطقة الرياض,26.493409,45.355699,3
10100168006,حي الورود,Al Wurud Dist.,168,الارطاوية,Al Artawiyah,منطقة الرياض,26.5446,45.342418,4
10100168009,حي المصيف,Al Masif Dist.,168,الارطاوية,Al Artawiyah,منطقة الرياض,26.51693,45.35762,4
10100270001,حي حطين,Hiteen Dist.,270,الزلفي,Az Zulfi,منطقة الرياض,26.328684,44.878056,8
10100270002,حي قرطبة,Qurtubah Dist.,270,الزلفي,Az Zulfi,منطقة الرياض,26.318286,44.843326,3
10100270004,حي العزيزية,Al Aziziyah Dist.,270,الزلفي,Az Zulfi,منطقة الرياض,26.298909,44.806462,11
10100270006,حي الخالدية,Al Khalidiyah Dist.,270,الزلفي,Az Zulfi,منطقة الرياض,26.294906,44.814611,7
10100270009,حي الريان,Ar Riyan Dist.,270,الزلفي,Az Zulfi,منطقة الرياض,26.308158,44.88354,4
10100270010,حي النهضة,An Nahdah Dist.,270,الزلفي,Az Zulfi,منطقة الرياض,26.293558,44.888386,9
10100270016,حي الفاروق,Al Farouq Dist.,270,الزلفي,Az Zulfi,منطقة الرياض,26.307174,44.818549,5
10100270017,حي الصديق,As Sediq Dist.,270,الزلفي,Az Zulfi,منطقة الرياض,26.298514,44.823609,5
10100270018,حي اليرموك,Al Yarmok Dist.,270,الزلفي,Az Zulfi,منطقة الرياض,26.316877,44.813344,10
10100270020,حي اليمامة,Al Yamamah Dist.,270,الزلفي,Az Zulfi,منطقة الرياض,26.311838,44.797506,5
10100270023,حي المنتزة,Al Muntazah Dist.,270,الزلفي,Az Zulfi,منطقة الرياض,26.340096,44.870974,8
10100270026,حي السلام,As Salam Dist.,270,الزلفي,Az Zulfi,منطقة الرياض,26.318212,44.827446,8
10100270027,حي السيح,As Sieh Dist.,270,الزلفي,Az Zulfi,منطقة الرياض,26.318654,44.807084,6
10100270028,حي عريعرة,Urierah Dist.,270,الزلفي,Az Zulfi,منطقة الرياض,26.332679,44.818723,7
10100270029,حي الورود,Al Wurud Dist.,270,الزلفي,Az Zulfi,منطقة الرياض,26.338594,44.881469,10
10100270030,حي الملك عبدالله,King Abdullah Dist.,270,الزلفي,Az Zulfi,منطقة الرياض,26.328744,44.794454,3
10100270036,حي الياسمين,Al Yasmin Dist.,270,الزلفي,Az Zulfi,منطقة الرياض,26.321048,44.892121,5
10100270044,حي المنار,Al Manar Dist.,270,الزلفي,Az Zulfi,منطقة الرياض,26.341185,44.808411,10
10100270046,حي الندى,An Nada Dist.,270,الزلفي,Az Zulfi,منطقة الرياض,26.308466,44.893331,12
10100270048,حي السيح,As Sieh Dist.,270,الزلفي,Az Zulfi,منطقة الرياض,26.318654,44.807084,6
10100270050,حي الملك سلمان,King Salman Dist.,270,الزلفي,Az Zulfi,منطقة الرياض,26.278291,44.829328,3
10100306005,حي المصيف,Al Masiaf Dist.,306,الغاط,Al Ghat,منطقة الرياض,26.038769,44.939838,5
10100443005,حي الجنادرية,Al Janadriyah Dist.,443,ثادق,Thadiq,منطقة الرياض,25.270342,45.86183,6
10100500006,حي الروضة,Ar Rawdah Dist.,500,شقراء,Shaqra',منطقة الرياض,25.24216,45.25382,4
10100500009,حي الرحبة,Al Rehab Dist.,500,شقراء,Shaqra',منطقة الرياض,25.25606,45.232876,3
10100574007,حي الفيصلية,Al Faisaliyah Dist.,574,القصب,Al Qasab,منطقة الرياض,25.299974,45.538626,3
10100669003,حي حطين,Hiteen Dist.,669,الدوادمي,Ad Duwadimi,منطقة الرياض,24.542884,44.426998,5
10100669005,حي الحرمين,Al Haramain Dist.,669,الدوادمي,Ad Duwadimi,منطقة الرياض,24.520884,44.414781,4
10100669016,حي الخالدية,Al Khalidiyah Dist.,669,الدوادمي,Ad Duwadimi,منطقة الرياض,24.515282,44.38446,7
10100669018,حي الريان,Ar Rayan Dist.,669,الدوادمي,Ad Duwadimi,منطقة الرياض,24.551161,44.443825,7
10100669019,حي السنبلة,As Sunbulah Dist.,669,الدوادمي,Ad Duwadimi,منطقة الرياض,24.493639,44.354454,6
10100795002,حي النخيل,Al Nakhil Dist.,795,حريملاء,Huraymila,منطقة الرياض,25.127369,46.125153,4
10100795003,حي السد,As Sad Dist.,795,حريملاء,Huraymila,منطقة الرياض,25.104884,46.089562,3
10100795005,حي النهضة,An Nahdah Dist.,795,حريملاء,Huraymila,منطقة الرياض,25.108178,46.100459,5
10100828002,حي الفيصلية,Al Faisaliyah Dist.,828,الدرعية,Ad Dir'iyah,منطقة الرياض,24.746561,46.573668,4
10100828007,حي الخالدية,Al Khalidiyah Dist.,828,الدرعية,Ad Dir'iyah,منطقة الرياض,24.749207,46.569045,4
10100828008,حي العاصمة,Al Asemah Dist.,828,الدرعية,Ad Dir'iyah,منطقة الرياض,24.765707,46.572007,6
10100828014,حي ظهرة العودة غرب,West Dhahrat Al Oudah Dist.,828,الدرعية,Ad Dir'iyah,منطقة الرياض,24.739719,46.511642,8
10100828018,حي ظهرة العودة شرق,East Dhahrat Al Oudah Dist.,828,الدرعية,Ad Dir'iyah,منطقة الرياض,24.747689,46.5235,19
10100839002,حي اليمامة,Al Yamamah Dist.,839,ضرما,Duruma,منطقة الرياض,24.611538,46.099112,8
10100839004,حي العزيزية,Al Aziziyah Dist.,839,ضرما,Duruma,منطقة الرياض,24.60597,46.129124,6
10100839008,حي البديع الغربي,Al Badi Al Gharbi Dist.,839,ضرما,Duruma,منطقة الرياض,24.597357,46.129061,3
10100839010,حي البديع الشرقي,Al Badi Ash Sharqi Dist.,839,ضرما,Duruma,منطقة الرياض,24.590202,46.135102,4
10100880001,حي ابو سليم,Abu Salim Dist.,880,القويعية,Al Quway'iyah,منطقة الرياض,24.083552,45.281277,4
10100880007,حي الزهور,Az Zuhur Dist.,880,القويعية,Al Quway'iyah,منطقة الرياض,24.061557,45.280977,4
10100990002,حي الحزيمية,Al Huzaymiyyah Dist.,990,المزاحمية,Al Muzahimiyah,منطقة الرياض,24.48261,46.297872,5
10100990004,حي المروج,Al Muruj Dist.,990,المزاحمية,Al Muzahimiyah,منطقة الرياض,24.47976,46.273907,8
10100990005,حي شخيب,Shukhib Dist.,990,المزاحمية,Al Muzahimiyah,منطقة الرياض,24.490813,46.263234,3
10100990006,حي طويق,Tuwik Dist.,990,المزاحمية,Al Muzahimiyah,منطقة الرياض,24.474392,46.290313,15
10100990007,حي الأندلس,Al Andalus Dist.,990,المزاحمية,Al Muzahimiyah,منطقة الرياض,24.465628,46.28202,6
10100990009,حي الهدا,Al Hada Dist.,990,المزاحمية,Al Muzahimiyah,منطقة الرياض,24.456541,46.269499,16
10100990010,حي العليا,Al Olaya Dist.,990,المزاحمية,Al Muzahimiyah,منطقة الرياض,24.460329,46.277944,7
10100990011,حي نواره,Nawarah Dist.,990,المزاحمية,Al Muzahimiyah,منطقة الرياض,24.46348,46.295716,18
10100990012,حي وسيلة,Waselah Dist.,990,المزاحمية,Al Muzahimiyah,منطقة الرياض,24.489824,46.31402,11
10100990013,حي اللؤلؤة,Al Luluah Dist.,990,المزاحمية,Al Muzahimiyah,منطقة الرياض,24.465717,46.226299,7
10100990014,حي الراشدية,Al Rashidiyah Dist.,990,المزاحمية,Al Muzahimiyah,منطقة الرياض,24.455466,46.247911,6
10100990015,حي الغطغط,Al Ghtght Dist.,990,المزاحمية,Al Muzahimiyah,منطقة الرياض,24.47649,46.242548,7
10100990016,حي الريف,Al Rif Dist.,990,المزاحمية,Al Muzahimiyah,منطقة الرياض,24.456864,46.258342,8
10100990018,حي المحمدية,Al Muhammadiyah Dist.,990,المزاحمية,Al Muzahimiyah,منطقة الرياض,24.444292,46.25325,3
10100990019,حي الواحة,Al Wahah Dist.,990,المزاحمية,Al Muzahimiyah,منطقة الرياض,24.439488,46.264656,6
10100990022,حي الجامعة,Al Jamiah Dist.,990,المزاحمية,Al Muzahimiyah,منطقة الرياض,24.485767,46.255488,5
10100990023,حي الورود,Al Wurud Dist.,990,المزاحمية,Al Muzahimiyah,منطقة الرياض,24.48116,46.267509,13
10100990024,حي الياسمين,Al Yasmin Dist.,990,المزاحمية,Al Muzahimiyah,منطقة الرياض,24.437715,46.294814,3
10100990025,حي الشلال,Al Shlal Dist.,990,المزاحمية,Al Muzahimiyah,منطقة الرياض,24.446585,46.259509,3
10101061008,حي الورود,Al Wurud Dist.,1061,الخرج,Al Kharj,منطقة الرياض,24.167194,47.309286,16
10101061009,حي السلام,As Salam Dist.,1061,الخرج,Al Kharj,منطقة الرياض,24.154762,47.317672,27
10101061011,حي اليمامة,Al Yamamah Dist.,1061,الخرج,Al Kharj,منطقة الرياض,24.18883,47.32538,6
10101061012,حي الخالدية,Al Khalidiyah Dist.,1061,الخرج,Al Kharj,منطقة الرياض,24.13044,47.280651,17
10101061015,حي مشرف,Mishrif Dist.,1061,الخرج,Al Kharj,منطقة الرياض,24.101331,47.271811,64
10101061018,حي الناصفة,An Nasifah Dist.,1061,الخرج,Al Kharj,منطقة الرياض,24.178227,47.298209,13
10101061021,حي النهضة,An Nahdah Dist.,1061,الخرج,Al Kharj,منطقة الرياض,24.154062,47.327701,20
10101061025,حي الفيصلية,Al Faisaliyah Dist.,1061,الخرج,Al Kharj,منطقة الرياض,24.161578,47.366345,28
10101061026,حي الزاهر,Az Zahir Dist.,1061,الخرج,Al Kharj,منطقة الرياض,24.12222,47.391129,11
10101061028,حي العالية,Al Aliyah Dist.,1061,الخرج,Al Kharj,منطقة الرياض,24.16961,47.349605,12
10101061030,حي العدامة,Al Adamah Dist.,1061,الخرج,Al Kharj,منطقة الرياض,24.082994,47.221065,37
10101061031,حي القطار,Al Qitar Dist.,1061,الخرج,Al Kharj,منطقة الرياض,24.261752,47.311689,3
10101061034,حي الجامعة,Al Jamiah Dist.,1061,الخرج,Al Kharj,منطقة الرياض,24.127203,47.261505,15
10101061038,حي اليرموك,Al Yarmuk Dist.,1061,الخرج,Al Kharj,منطقة الرياض,24.145658,47.388328,25
10101061042,حي الهدا,Al Hada Dist.,1061,الخرج,Al Kharj,منطقة الرياض,24.087937,47.294053,21
10101073001,حي الخالدية,Al Khalidiyah Dist.,1073,الدلم,Ad Dilam,منطقة الرياض,24.022855,47.173669,7
10101073011,حي الناصرية,An Nasriyah Dist.,1073,الدلم,Ad Dilam,منطقة الرياض,23.99299,47.170592,7
10101073013,حي النهضة,An Nahdah Dist.,1073,الدلم,Ad Dilam,منطقة الرياض,24.0014,47.114723,9
10101351024,حي العقيق,Al Aqiq Dist.,1351,وادي الدواسر,Wadi Ad Dawasir,منطقة الرياض,20.475996,44.77294,3
10103161011,حي المصيف,Al Masiaf Dist.,3161,حوطة بني تميم,Hawtat Bani Tamim,منطقة الرياض,23.452964,46.872547,4
10103161014,حي السلام,As Salam Dist.,3161,حوطة بني تميم,Hawtat Bani Tamim,منطقة الرياض,23.494702,46.870441,3
10200005002,حي ضاحية الاسكان,Dhahiyat Al Iskan  Dist.,5,الطائف,At Taif,منطقة مكة المكرمة,21.369088,40.619592,3
10200005004,حي السيل الكبير,As Sail Al Kabeer  Dist.,5,الطائف,At Taif,منطقة مكة المكرمة,21.624508,40.426263,10
10200005024,حي القمرية,Al Qumariyyah  Dist.,5,الطائف,At Taif,منطقة مكة المكرمة,21.280498,40.428599,3
10200005051,حي الجفيجف,Al Jafijif Dist.,5,الطائف,At Taif,منطقة مكة المكرمة,21.298938,40.440068,4
10200005052,حي الرحاب,Al Rehab Dist.,5,الطائف,At Taif,منطقة مكة المكرمة,21.43998,40.428025,21
10200005062,حي النسيم,Al Naseem Dist.,5,الطائف,At Taif,منطقة مكة المكرمة,21.262162,40.465608,3
10200005076,حي الواسط,Al Wasit  Dist.,5,الطائف,At Taif,منطقة مكة المكرمة,21.475472,40.468989,3
10200005087,حي الاخباب,Akhbab Dist.,5,الطائف,At Taif,منطقة مكة المكرمة,21.226086,40.36993,9
10200005089,حي السداد,As Sadad Dist.,5,الطائف,At Taif,منطقة مكة المكرمة,21.231045,40.414679,3
10200005099,حي الحلقة الشرقية,Al Halqah Asharqiyyah Dist.,5,الطائف,At Taif,منطقة مكة المكرمة,21.349504,40.452879,4
10200005104,حي القيم الأعلى,Al Qayam Al Aala Dist.,5,الطائف,At Taif,منطقة مكة المكرمة,21.337444,40.431061,4
10200006001,حي العدل,Al Adl Dist.,6,مكة المكرمة,Makkah,منطقة مكة المكرمة,21.451229,39.875303,13
10200006002,حي الروضة,Ar Rawdah Dist.,6,مكة المكرمة,Makkah,منطقة مكة المكرمة,21.429822,39.855551,5
10200006003,حي المعابدة,Al Maabdah Dist.,6,مكة المكرمة,Makkah,منطقة مكة المكرمة,21.43459,39.846365,19
10200006004,حي الخنساء,Al Khansa Dist.,6,مكة المكرمة,Makkah,منطقة مكة المكرمة,21.452394,39.84375,7
10200006006,حي الجميزة,Al Jummayzah Dist.,6,مكة المكرمة,Makkah,منطقة مكة المكرمة,21.439794,39.830624,27
10200006007,حي جبل النور,Jabal An Nur Dist.,6,مكة المكرمة,Makkah,منطقة مكة المكرمة,21.45387,39.86401,5
10200006009,حي الرصيفة,Ar Rusayfah Dist.,6,مكة المكرمة,Makkah,منطقة مكة المكرمة,21.409969,39.790019,23
10200006011,حي الخالدية,Al Khalidiyah Dist.,6,مكة المكرمة,Makkah,منطقة مكة المكرمة,21.402233,39.798686,21
10200006013,حي التقوى,At Taqwa Dist.,6,مكة المكرمة,Makkah,منطقة مكة المكرمة,21.3921,39.819147,4
10200006014,حي كدي,Kudy Dist.,6,مكة المكرمة,Makkah,منطقة مكة المكرمة,21.389711,39.836954,7
10200006018,حي التيسير,At Taysir Dist.,6,مكة المكرمة,Makkah,منطقة مكة المكرمة,21.424042,39.808704,8
10200006019,حي جرول,Jarwal Dist.,6,مكة المكرمة,Makkah,منطقة مكة المكرمة,21.425134,39.815761,8
10200006021,حي المرسلات,Al Mursalat Dist.,6,مكة المكرمة,Makkah,منطقة مكة المكرمة,21.401333,39.881606,14
10200006022,حي العزيزية,Al Aziziyah Dist.,6,مكة المكرمة,Makkah,منطقة مكة المكرمة,21.41654,39.857994,35
10200006023,حي الجامعة,Al Jamiah Dist.,6,مكة المكرمة,Makkah,منطقة مكة المكرمة,21.399262,39.87211,36
10200006024,حي النسيم,Al Naseem Dist.,6,مكة المكرمة,Makkah,منطقة مكة المكرمة,21.37324,39.874105,20
10200006025,حي الزهراء,Az Zahra Dist.,6,مكة المكرمة,Makkah,منطقة مكة المكرمة,21.428595,39.803472,15
10200006028,حي الحجون,Al Hujun Dist.,6,مكة المكرمة,Makkah,منطقة مكة المكرمة,21.433678,39.812622,3
10200006033,حي الكعكية,Al Kakiyah Dist.,6,مكة المكرمة,Makkah,منطقة مكة المكرمة,21.377434,39.81175,16
10200006034,حي الشوقية,Ash Shawqiyah Dist.,6,مكة المكرمة,Makkah,منطقة مكة المكرمة,21.384655,39.795416,107
10200006035,حي الهجرة,Al Hijrah Dist.,6,مكة المكرمة,Makkah,منطقة مكة المكرمة,21.375281,39.839407,25
10200006036,حي بطحاء قريش,Batha Quraysh Dist.,6,مكة المكرمة,Makkah,منطقة مكة المكرمة,21.36737,39.828236,222
10200006038,حي العوالي,Al Awali Dist.,6,مكة المكرمة,Makkah,منطقة مكة المكرمة,21.351857,39.897319,69
10200006039,حي الشرائع,Asharai  Dist.,6,مكة المكرمة,Makkah,منطقة مكة المكرمة,21.47592,39.94776,61
10200006040,حي الراشدية,Ar Rashidiyah Dist.,6,مكة المكرمة,Makkah,منطقة مكة المكرمة,21.482924,39.982938,14
10200006041,حي الخضراء,Al Khadra Dist.,6,مكة المكرمة,Makkah,منطقة مكة المكرمة,21.466158,39.914704,38
10200006042,حي الملك فهد,King Fahd Dist.,6,مكة المكرمة,Makkah,منطقة مكة المكرمة,21.39801,39.772304,95
10200006043,حي العكيشية,Al Ukayshiyah Dist.,6,مكة المكرمة,Makkah,منطقة مكة المكرمة,21.35505,39.799672,12
10200006045,حي الاندلس,Al Andalus Dist.,6,مكة المكرمة,Makkah,منطقة مكة المكرمة,21.44555,39.822585,8
10200006047,حي التنعيم,At Tanim Dist.,6,مكة المكرمة,Makkah,منطقة مكة المكرمة,21.485231,39.808436,28
10200006048,حي الزاهر,Az Zahir Dist.,6,مكة المكرمة,Makkah,منطقة مكة المكرمة,21.444546,39.794861,12
10200006050,حي اجياد,Ajyad Dist.,6,مكة المكرمة,Makkah,منطقة مكة المكرمة,21.420688,39.830673,7
10200006052,حي النزهة,An Nuzhah Dist.,6,مكة المكرمة,Makkah,منطقة مكة المكرمة,21.43523,39.787316,24
10200006053,حي العتيبية,Al Utaybiyah Dist.,6,مكة المكرمة,Makkah,منطقة مكة المكرمة,21.443537,39.81765,6
10200006054,حي الروابي,Ar Rawabi Dist.,6,مكة المكرمة,Makkah,منطقة مكة المكرمة,21.408118,39.833095,6
10200006056,حي السلامة,As Salamah Dist.,6,مكة المكرمة,Makkah,منطقة مكة المكرمة,21.464796,39.788928,55
10200006057,حي البحيرات,Al Buhayrat Dist.,6,مكة المكرمة,Makkah,منطقة مكة المكرمة,21.490214,39.781825,76
10200006058,حي النوارية,An Nawwariyah Dist.,6,مكة المكرمة,Makkah,منطقة مكة المكرمة,21.530789,39.775778,48
10200006059,حي الشهداء,Ash Shuhada Dist.,6,مكة المكرمة,Makkah,منطقة مكة المكرمة,21.457733,39.807767,9
10200006060,حي وادي جليل,Wadi Jalil Dist.,6,مكة المكرمة,Makkah,منطقة مكة المكرمة,21.471157,39.843721,71
10200006061,حي العسيلة,Al Usaylah Dist.,6,مكة المكرمة,Makkah,منطقة مكة المكرمة,21.502344,39.878813,13
10200006062,حي جعرانة,Jaranah Dist.,6,مكة المكرمة,Makkah,منطقة مكة المكرمة,21.552638,39.958622,16
10200006063,حي البيعة,Al Biyah Dist.,6,مكة المكرمة,Makkah,منطقة مكة المكرمة,21.457382,40.018993,15
10200006064,حي المغمس,Al Mughams Dist.,6,مكة المكرمة,Makkah,منطقة مكة المكرمة,21.445699,39.976428,6
10200006065,حي التروية,At Tarwiyah Dist.,6,مكة المكرمة,Makkah,منطقة مكة المكرمة,21.46787,39.97009,23
10200006066,حي الشرائع,Ash Sharia Dist.,6,مكة المكرمة,Makkah,منطقة مكة المكرمة,21.47592,39.94776,61
10200006067,حي السلام,As Salam Dist.,6,مكة المكرمة,Makkah,منطقة مكة المكرمة,21.463462,39.955801,6
10200006068,حي الكوثر,Al Kawthar Dist.,6,مكة المكرمة,Makkah,منطقة مكة المكرمة,21.456092,39.965447,12
10200018001,حي الزمرد,Az Zomorod Dist.,18,جدة,Jeddah,منطقة مكة المكرمة,21.80109,39.062597,282
10200018002,حي اللؤلؤ,Al Loaloa Dist.,18,جدة,Jeddah,منطقة مكة المكرمة,21.766227,39.064582,166
10200018003,حي الياقوت,Al Yaqoot Dist.,18,جدة,Jeddah,منطقة مكة المكرمة,21.783391,39.081334,381
10200018004,حي الصوارى,As Swaryee Dist.,18,جدة,Jeddah,منطقة مكة المكرمة,21.788516,39.102984,1320
10200018005,حي الامواج,Al Amwaj Dist.,18,جدة,Jeddah,منطقة مكة المكرمة,21.752596,39.078004,57
10200018006,حي الشراع,Ash Sheraa Dist.,18,جدة,Jeddah,منطقة مكة المكرمة,21.765482,39.094176,306
10200018007,حي الفردوس,Al Ferdous Dist.,18,جدة,Jeddah,منطقة مكة المكرمة,21.782305,39.115938,28
10200018008,حي الفلاح,Al Falah Dist.,18,جدة,Jeddah,منطقة مكة المكرمة,21.783176,39.190062,184
10200018009,حي الاصالة,Al Asalah Dist.,18,جدة,Jeddah,منطقة مكة المكرمة,21.773483,39.162424,28
10200018010,حي مريخ,Mraykh Dist.,18,جدة,Jeddah,منطقة مكة المكرمة,21.545305,39.28907,414
10200018013,حي الرياض,Ar Riyadh Dist.,18,جدة,Jeddah,منطقة مكة المكرمة,21.864625,39.1861,541
10200018014,حي الفروسية,Al Frosyah Dist.,18,جدة,Jeddah,منطقة مكة المكرمة,21.82733,39.209491,90
10200018015,حي الرحمانية,Ar Rahmaniyah Dist.,18,جدة,Jeddah,منطقة مكة المكرمة,21.791731,39.214961,518
10200018016,حي الصالحية,As Salhiyah Dist.,18,جدة,Jeddah,منطقة مكة المكرمة,21.765308,39.219292,265
10200018017,حي الحمدانية,Al Hamadaniyah Dist.,18,جدة,Jeddah,منطقة مكة المكرمة,21.756061,39.194251,192
10200018018,حي الريان,Ar Rayaan Dist.,18,جدة,Jeddah,منطقة مكة المكرمة,21.68519,39.213752,1031
10200018019,حي أم حبلين الغربية,Um Hableen Al Gharbiyyah Dist.,18,جدة,Jeddah,منطقة مكة المكرمة,21.708024,39.216072,99
10200018020,حي بريمان,Bryman Dist.,18,جدة,Jeddah,منطقة مكة المكرمة,21.656567,39.221516,27
10200018025,حي العدل,Al Adel Dist.,18,جدة,Jeddah,منطقة مكة المكرمة,21.442731,39.285551,8
10200018027,حي المحجر,Al Mahjar Dist.,18,جدة,Jeddah,منطقة مكة المكرمة,21.441127,39.201788,5
10200018028,حي النهضة,An Nahdah Dist.,18,جدة,Jeddah,منطقة مكة المكرمة,21.612695,39.126491,887
10200018029,حي الخالدية,Al Khalidiyah Dist.,18,جدة,Jeddah,منطقة مكة المكرمة,21.567766,39.137154,72
10200018030,جامعة الملك عبدالعزيز,King Abdulaziz University,18,جدة,Jeddah,منطقة مكة المكرمة,21.49628,39.25258,5
10200018031,حي النخيل,Al Nakhil Dist.,18,جدة,Jeddah,منطقة مكة المكرمة,21.521758,39.258062,46
10200018032,حي البغدادية الشرقية,Al Baghdadiyah Ash Sharqiyah Dist.,18,جدة,Jeddah,منطقة مكة المكرمة,21.501836,39.199014,6
10200018034,حي البوادي,Al Bawadi Dist.,18,جدة,Jeddah,منطقة مكة المكرمة,21.608335,39.163075,408
10200018035,حي السلامة,As Salamah Dist.,18,جدة,Jeddah,منطقة مكة المكرمة,21.592189,39.153575,2697
10200018036,حي الثغر,Ath Thaghr Dist.,18,جدة,Jeddah,منطقة مكة المكرمة,21.477455,39.230909,5
10200018037,حي الشرفية,Ash Sharafiyah Dist.,18,جدة,Jeddah,منطقة مكة المكرمة,21.519931,39.18889,42
10200018040,حي السنابل,As Sanabel Dist.,18,جدة,Jeddah,منطقة مكة المكرمة,21.397276,39.274197,24
10200018045,حي البركة,Al Barakah Dist.,18,جدة,Jeddah,منطقة مكة المكرمة,21.250319,39.277641,5
10200018046,حي المسرة,Al Masarah Dist.,18,جدة,Jeddah,منطقة مكة المكرمة,21.249619,39.24864,9
10200018047,حي المليساء,Al Moulysaa Dist.,18,جدة,Jeddah,منطقة مكة المكرمة,21.264522,39.21282,20
10200018049,حي الوادي,Al Wadi Dist.,18,جدة,Jeddah,منطقة مكة المكرمة,21.317879,39.176984,5
10200018050,حي الفضيلة,Al Fadeylah Dist.,18,جدة,Jeddah,منطقة مكة المكرمة,21.3064,39.271287,74
10200018051,حي التعاون,At Taawun Dist.,18,جدة,Jeddah,منطقة مكة المكرمة,21.339954,39.26353,26
10200018052,حي السروات,As Sarawat Dist.,18,جدة,Jeddah,منطقة مكة المكرمة,21.35457,39.204938,7
10200018053,حي الخمرة,Al Khomrah Dist.,18,جدة,Jeddah,منطقة مكة المكرمة,21.335003,39.247315,38
10200018055,حي القرينية,Al Qryniah Dist.,18,جدة,Jeddah,منطقة مكة المكرمة,21.309694,39.24792,112
10200018056,حي النزلة اليمانية,An Nazlah Al Yamaniyah Dist.,18,جدة,Jeddah,منطقة مكة المكرمة,21.462083,39.20811,3
10200018057,حي النسيم,Al Naseem Dist.,18,جدة,Jeddah,منطقة مكة المكرمة,21.515551,39.233908,94
10200018059,حي غليل,Ghulail Dist.,18,جدة,Jeddah,منطقة مكة المكرمة,21.45126,39.205083,3
10200018064,حي الروضة,Ar Rawdah Dist.,18,جدة,Jeddah,منطقة مكة المكرمة,21.57348,39.162006,1991
10200018065,حي بنى مالك,Bani Malik Dist.,18,جدة,Jeddah,منطقة مكة المكرمة,21.536979,39.234868,189
10200018066,حي الفيصلية,Al Faisaliyah Dist.,18,جدة,Jeddah,منطقة مكة المكرمة,21.56929,39.182545,703
10200018067,حي الرحاب,Al Rehab Dist.,18,جدة,Jeddah,منطقة مكة المكرمة,21.557724,39.22196,151
10200018068,حي العزيزية,Al Aziziyah Dist.,18,جدة,Jeddah,منطقة مكة المكرمة,21.551963,39.192692,251
10200018069,حي مشرفة,Mishrifah Dist.,18,جدة,Jeddah,منطقة مكة المكرمة,21.53898,39.194394,199
10200018070,حي الورود,Al Wurud Dist.,18,جدة,Jeddah,منطقة مكة المكرمة,21.516414,39.200351,116
10200018071,حي الواحة,Al Wahah Dist.,18,جدة,Jeddah,منطقة مكة المكرمة,21.561469,39.2417,861
10200018072,حي ابرق الرغامة,Abruq Ar Rughamah Dist.,18,جدة,Jeddah,منطقة مكة المكرمة,21.50158,39.278528,33
10200018073,حي السليمانية,As Sulaymaniyah Dist.,18,جدة,Jeddah,منطقة مكة المكرمة,21.503526,39.252669,126
10200018074,حي الساحل,As Sahil Dist.,18,جدة,Jeddah,منطقة مكة المكرمة,21.315495,39.13928,20
10200018075,حي البشائر,Al Bashaer Dist.,18,جدة,Jeddah,منطقة مكة المكرمة,21.802822,39.17953,94
10200018076,حي المحمدية,Al Muhammadiyah Dist.,18,جدة,Jeddah,منطقة مكة المكرمة,21.6522,39.127298,129
10200018077,حي الكوثر,Al Kawthar Dist.,18,جدة,Jeddah,منطقة مكة المكرمة,21.728672,39.201188,58
10200018078,حي طيبة,Taibah Dist.,18,جدة,Jeddah,منطقة مكة المكرمة,21.80508,39.139239,187
10200018079,حي النعيم,An Naim Dist.,18,جدة,Jeddah,منطقة مكة المكرمة,21.616972,39.145542,1594
10200018080,حي البساتين,Al Basatin Dist.,18,جدة,Jeddah,منطقة مكة المكرمة,21.687803,39.11534,131
10200018081,حي الربوة,Ar Rabwah Dist.,18,جدة,Jeddah,منطقة مكة المكرمة,21.597501,39.183242,535
10200018082,حي النزهة,An Nuzhah Dist.,18,جدة,Jeddah,منطقة مكة المكرمة,21.62339,39.167059,1838
10200018083,حي الصفا,As Safa Dist.,18,جدة,Jeddah,منطقة مكة المكرمة,21.58474,39.210766,421
10200018084,حي المروة,Al Marwah Dist.,18,جدة,Jeddah,منطقة مكة المكرمة,21.615271,39.206537,1192
10200018085,حي السامر,As Samir Dist.,18,جدة,Jeddah,منطقة مكة المكرمة,21.58379,39.24534,77
10200018086,حي الاجواد,Al Ajwad Dist.,18,جدة,Jeddah,منطقة مكة المكرمة,21.603516,39.250148,84
10200018088,حي المنار,Al Manar Dist.,18,جدة,Jeddah,منطقة مكة المكرمة,21.59985,39.232209,416
10200018090,حي الامير عبدالمجيد,Prince Abdul Majeed Dist.,18,جدة,Jeddah,منطقة مكة المكرمة,21.432866,39.270232,39
10200018092,حي الجوهرة,Al Jawharah Dist.,18,جدة,Jeddah,منطقة مكة المكرمة,21.437796,39.25219,14
10200018093,حي الامير فواز الجنوبى,Al Amir Fawaz Al Janouby Dist.,18,جدة,Jeddah,منطقة مكة المكرمة,21.424926,39.304071,9
10200018095,حي الجامعة,Al Jamiah Dist.,18,جدة,Jeddah,منطقة مكة المكرمة,21.485383,39.259073,685
10200018096,حي الروابي,Ar Rawabi Dist.,18,جدة,Jeddah,منطقة مكة المكرمة,21.48191,39.265407,105
10200018098,حي ام السلم,Um Asalam Dist.,18,جدة,Jeddah,منطقة مكة المكرمة,21.460592,39.333066,68
10200018100,حي البغدادية الغربية,Al Baghdadiyah Al Gharbiyah Dist.,18,جدة,Jeddah,منطقة مكة المكرمة,21.498998,39.174254,40
10200018101,حي ابحر الشمالية,Abhur Ash Shamaliyah Dist.,18,جدة,Jeddah,منطقة مكة المكرمة,21.758255,39.11395,201
10200018102,حي الرويس,Ar Ruwais Dist.,18,جدة,Jeddah,منطقة مكة المكرمة,21.511365,39.174095,133
10200018104,حي الاندلس,Al Andalus Dist.,18,جدة,Jeddah,منطقة مكة المكرمة,21.549869,39.165501,22
10200018105,حي ابحر الجنوبية,Abhur Al Janubiyah Dist.,18,جدة,Jeddah,منطقة مكة المكرمة,21.749267,39.1403,185
10200018106,حي المرجان,Al Murjan Dist.,18,جدة,Jeddah,منطقة مكة المكرمة,21.68755,39.104546,71
10200018107,حي السرورية,As Sororyah Dist.,18,جدة,Jeddah,منطقة مكة المكرمة,21.393137,39.208589,19
10200018108,حي الاجاويد,Al Ajaweed Dist.,18,جدة,Jeddah,منطقة مكة المكرمة,21.402365,39.300809,44
10200018109,حي الشاطئ,Ash Shati Dist.,18,جدة,Jeddah,منطقة مكة المكرمة,21.595745,39.111613,201
10200018110,حي مدائن الفهد,Madain Al Fahd Dist.,18,جدة,Jeddah,منطقة مكة المكرمة,21.457915,39.242572,22
10200018111,حي الزهراء,Az Zahra Dist.,18,جدة,Jeddah,منطقة مكة المكرمة,21.589362,39.134908,948
10200018112,حي الحمراء,Al Hamra Dist.,18,جدة,Jeddah,منطقة مكة المكرمة,21.535977,39.165343,459
10200018113,حي الفيحاء,Al Fayha Dist.,18,جدة,Jeddah,منطقة مكة المكرمة,21.503221,39.229123,444
10200018116,حي الوفاء,Al Wafa Dist.,18,جدة,Jeddah,منطقة مكة المكرمة,21.85356,39.233113,184
10200018120,حي الفنار,Al Fanar Dist.,18,جدة,Jeddah,منطقة مكة المكرمة,21.824226,39.07136,108
10200018121,حي السهل,Al Sahl Dist.,18,جدة,Jeddah,منطقة مكة المكرمة,21.386639,39.432798,4
10200018122,حي الدرة,Ad Durrah Dist.,18,جدة,Jeddah,منطقة مكة المكرمة,21.955152,39.026605,33
10200018123,حي المنارات,Al Manarat Dist.,18,جدة,Jeddah,منطقة مكة المكرمة,21.823586,39.089366,98
10200018124,حي الربيع,Ar Rabie Dist.,18,جدة,Jeddah,منطقة مكة المكرمة,21.935682,39.026286,10
10200018125,حي الحجاز,Al Hijaz Dist.,18,جدة,Jeddah,منطقة مكة المكرمة,21.810543,39.234828,4
10200018127,حي الصفوة,Al Safwah Dist.,18,جدة,Jeddah,منطقة مكة المكرمة,21.888372,39.214853,77
10200018129,حي النجمة,An Najmah Dist.,18,جدة,Jeddah,منطقة مكة المكرمة,21.897756,39.070676,32
10200018132,حي الجزيرة,Al Jazirah Dist.,18,جدة,Jeddah,منطقة مكة المكرمة,21.977214,39.04332,51
10200018133,حي الشويضي,Al Shuwaidhi Dist.,18,جدة,Jeddah,منطقة مكة المكرمة,21.923393,39.078095,11
10200018135,حي العشيرية,Al Ushayriyyah Dist.,18,جدة,Jeddah,منطقة مكة المكرمة,21.898527,39.127411,9
10200018141,حي المروج,Al Muruj Dist.,18,جدة,Jeddah,منطقة مكة المكرمة,21.854942,39.000939,51
10200018142,حي الخليج,Al Khalij Dist.,18,جدة,Jeddah,منطقة مكة المكرمة,21.899513,39.042254,7
10200018143,حي البحيرات,Al Buhayrat Dist.,18,جدة,Jeddah,منطقة مكة المكرمة,21.821662,39.039926,79
10200018145,حي الغربية,Al Gharbiyyah Dist.,18,جدة,Jeddah,منطقة مكة المكرمة,21.915076,39.11736,12
10200018146,حي الزهور,Al Zahur Dist.,18,جدة,Jeddah,منطقة مكة المكرمة,21.894332,39.108404,6
10200018150,حي بلدة ذهبان,Dhahban Town Dist.,18,جدة,Jeddah,منطقة مكة المكرمة,21.934052,39.118213,14
10200018151,حكومي,Governmental,18,جدة,Jeddah,منطقة مكة المكرمة,21.82722,39.14727,40
10200018153,حي النور,Al Nur Dist.,18,جدة,Jeddah,منطقة مكة المكرمة,21.860476,39.06722,70
10200018155,حكومي,Governmental,18,جدة,Jeddah,منطقة مكة المكرمة,21.82722,39.14727,40
10200018156,حي الغدير,Al Ghadir Dist.,18,جدة,Jeddah,منطقة مكة المكرمة,21.92477,39.058943,36
10200018157,حي الفرقان,Al Furqan Dist.,18,جدة,Jeddah,منطقة مكة المكرمة,21.988672,39.102954,24
10200018161,حي قباء,Quba Dist.,18,جدة,Jeddah,منطقة مكة المكرمة,21.822965,39.134316,24
10200018169,حي الصفحة,Al Safhah Dist.,18,جدة,Jeddah,منطقة مكة المكرمة,21.868178,39.247877,4
10200018170,حي اليسر,Al Yusr Dist.,18,جدة,Jeddah,منطقة مكة المكرمة,21.977687,39.065174,17
10200018171,حي العبير,Al Abeer Dist.,18,جدة,Jeddah,منطقة مكة المكرمة,21.946978,39.061869,11
10200377007,حي المرجانية,Al Marjaniyah Dist.,377,رابغ,Rabigh,منطقة مكة المكرمة,22.792573,39.059912,29
10201105001,حي الفيصلية,Al Faisaliyah Dist.,1105,خليص,Khulays,منطقة مكة المكرمة,22.196441,39.285602,3
10201257007,حي النخيل,Al Nakhil Dist.,1257,الجموم,Al Jumum,منطقة مكة المكرمة,21.613312,39.693026,9
10300014002,حي السكب,As Sakb Dist.,14,المدينة المنورة,Madinah,منطقة المدينة المنورة,24.356107,39.565721,103
10300014003,حي الجصة,Al Jassah Dist.,14,المدينة المنورة,Madinah,منطقة المدينة المنورة,24.35818,39.609728,34
10300014004,حي رهط,Raht Dist.,14,المدينة المنورة,Madinah,منطقة المدينة المنورة,24.375546,39.629509,9
10300014005,حي بني بياضة,Bani Bayadah Dist.,14,المدينة المنورة,Madinah,منطقة المدينة المنورة,24.382649,39.591429,52
10300014006,حي نبلاء,Nubala Dist.,14,المدينة المنورة,Madinah,منطقة المدينة المنورة,24.382537,39.664053,119
10300014008,حي الرمانة,Ar Rumanah Dist.,14,المدينة المنورة,Madinah,منطقة المدينة المنورة,24.390724,39.678769,13
10300014009,حي ابو كبير,Abu Kabir Dist.,14,المدينة المنورة,Madinah,منطقة المدينة المنورة,24.396618,39.528747,5
10300014010,حي الغراء,Al Gharra Dist.,14,المدينة المنورة,Madinah,منطقة المدينة المنورة,24.412739,39.673045,37
10300014011,حي السد,As Sad Dist.,14,المدينة المنورة,Madinah,منطقة المدينة المنورة,24.40172,39.635557,43
10300014012,حي الجابرة,Al Jabirah Dist.,14,المدينة المنورة,Madinah,منطقة المدينة المنورة,24.412488,39.585833,24
10300014013,حي الرانوناء,Ar Ranuna Dist.,14,المدينة المنورة,Madinah,منطقة المدينة المنورة,24.386794,39.602822,182
10300014014,حي الحديقة,Al Hadiqah Dist.,14,المدينة المنورة,Madinah,منطقة المدينة المنورة,24.42016,39.614269,9
10300014016,حي الروابي,Ar Rawabi Dist.,14,المدينة المنورة,Madinah,منطقة المدينة المنورة,24.4135,39.65602,80
10300014017,حي القصواء,Al Qaswa Dist.,14,المدينة المنورة,Madinah,منطقة المدينة المنورة,24.427526,39.589065,29
10300014019,حي الخاتم,Al Khatim Dist.,14,المدينة المنورة,Madinah,منطقة المدينة المنورة,24.423472,39.621298,5
10300014020,حي العزيزية,Al Aziziyah Dist.,14,المدينة المنورة,Madinah,منطقة المدينة المنورة,24.4239,39.496594,74
10300014021,حي العهن,Al Ihn Dist.,14,المدينة المنورة,Madinah,منطقة المدينة المنورة,24.426554,39.634607,7
10300014022,حي ذو الحليفة,Dhu Al Hulayfah Dist.,14,المدينة المنورة,Madinah,منطقة المدينة المنورة,24.439021,39.573919,14
10300014023,حي وادي مهزور,Wadi Mahzur Dist.,14,المدينة المنورة,Madinah,منطقة المدينة المنورة,24.440704,39.657896,12
10300014024,حي الدويمة,Ad Duwaimah Dist.,14,المدينة المنورة,Madinah,منطقة المدينة المنورة,24.446664,39.609492,6
10300014025,حي وادي مذينب,Wadi Mudhainib Dist.,14,المدينة المنورة,Madinah,منطقة المدينة المنورة,24.435426,39.672376,100
10300014026,حي عين الخيف,Ayn Al Khif Dist.,14,المدينة المنورة,Madinah,منطقة المدينة المنورة,24.438455,39.689717,71
10300014027,حي عروة,Urwah Dist.,14,المدينة المنورة,Madinah,منطقة المدينة المنورة,24.446716,39.58497,5
10300014028,حي الظاهرة,Al Dhahirah Dist.,14,المدينة المنورة,Madinah,منطقة المدينة المنورة,24.446497,39.600197,21
10300014029,حي الشريبات,Ash Shuraybat Dist.,14,المدينة المنورة,Madinah,منطقة المدينة المنورة,24.450619,39.641876,6
10300014031,حي الجمعة,Al Jumah Dist.,14,المدينة المنورة,Madinah,منطقة المدينة المنورة,24.447732,39.619708,4
10300014032,حي المغيسلة,Al Mughaisilah Dist.,14,المدينة المنورة,Madinah,منطقة المدينة المنورة,24.454772,39.605752,16
10300014034,حي الدفاع,Ad Difa Dist.,14,المدينة المنورة,Madinah,منطقة المدينة المنورة,24.446678,39.518356,151
10300014035,حي سكة الحديد,Sikkah Al Hadid Dist.,14,المدينة المنورة,Madinah,منطقة المدينة المنورة,24.448532,39.494454,44
10300014037,حي الاصيفرين,Al Usayfirin Dist.,14,المدينة المنورة,Madinah,منطقة المدينة المنورة,24.461458,39.59107,13
10300014039,حي بني ظفر,Bani Dhafir Dist.,14,المدينة المنورة,Madinah,منطقة المدينة المنورة,24.464746,39.632802,8
10300014040,حي الاسكان,Al Iskan Dist.,14,المدينة المنورة,Madinah,منطقة المدينة المنورة,24.465106,39.644604,24
10300014041,حي الخالدية,Al Khalidiyah Dist.,14,المدينة المنورة,Madinah,منطقة المدينة المنورة,24.463251,39.660332,32
10300014042,حي الجماوات,Al Jamawat Dist.,14,المدينة المنورة,Madinah,منطقة المدينة المنورة,24.465101,39.56394,33
10300014045,حي جشم,Josham Dist.,14,المدينة المنورة,Madinah,منطقة المدينة المنورة,24.457109,39.67815,18
10300014046,حي الهدراء,Al Hadra Dist.,14,المدينة المنورة,Madinah,منطقة المدينة المنورة,24.43742,39.70097,6
10300014047,حي السيح,As Sih Dist.,14,المدينة المنورة,Madinah,منطقة المدينة المنورة,24.469727,39.595439,8
10300014048,حي المصانع,Al Masani Dist.,14,المدينة المنورة,Madinah,منطقة المدينة المنورة,24.484309,39.608977,9
10300014049,حي القبلتين,Al Qiblatayn Dist.,14,المدينة المنورة,Madinah,منطقة المدينة المنورة,24.480984,39.572599,22
10300014050,حي السلام,As Salam Dist.,14,المدينة المنورة,Madinah,منطقة المدينة المنورة,24.478734,39.495986,98
10300014052,حي المبعوث,Al Mabuth Dist.,14,المدينة المنورة,Madinah,منطقة المدينة المنورة,24.483883,39.683384,32
10300014053,حي الجامعة,Al Jamiah Dist.,14,المدينة المنورة,Madinah,منطقة المدينة المنورة,24.475319,39.561281,11
10300014054,حي بني حارثة,Bani Harithah Dist.,14,المدينة المنورة,Madinah,منطقة المدينة المنورة,24.488379,39.627749,27
10300014055,حي بئر عثمان,Bir Uthman Dist.,14,المدينة المنورة,Madinah,منطقة المدينة المنورة,24.489013,39.579944,14
10300014056,حي شظاة,Shidhat Dist.,14,المدينة المنورة,Madinah,منطقة المدينة المنورة,24.49145,39.657082,45
10300014057,حي طيبة,Taibah Dist.,14,المدينة المنورة,Madinah,منطقة المدينة المنورة,24.492649,39.508798,70
10300014058,حي التلعة,Al Talaah Dist.,14,المدينة المنورة,Madinah,منطقة المدينة المنورة,24.505539,39.653051,3
10300014059,حي الملك فهد,King Fahd Dist.,14,المدينة المنورة,Madinah,منطقة المدينة المنورة,24.50023,39.697507,109
10300014061,حي البركة,Al Barakah Dist.,14,المدينة المنورة,Madinah,منطقة المدينة المنورة,24.508032,39.568995,17
10300014062,حي العيون,Al Eyun Dist.,14,المدينة المنورة,Madinah,منطقة المدينة المنورة,24.503352,39.588553,19
10300014064,حي النخيل,Al Nakhil Dist.,14,المدينة المنورة,Madinah,منطقة المدينة المنورة,24.523535,39.541526,7
10300014065,حي الزهرة,Az Zahrah Dist.,14,المدينة المنورة,Madinah,منطقة المدينة المنورة,24.534471,39.568609,26
10300014067,حي البلقاء,Al Balqa Dist.,14,المدينة المنورة,Madinah,منطقة المدينة المنورة,24.531228,39.453484,18
10300014068,حي كتانة,Kittanah Dist.,14,المدينة المنورة,Madinah,منطقة المدينة المنورة,24.559983,39.559406,14
10300014070,حي الغابة,Al Ghabah Dist.,14,المدينة المنورة,Madinah,منطقة المدينة المنورة,24.568862,39.599299,13
10300014072,حي وعيرة,Wairah Dist.,14,المدينة المنورة,Madinah,منطقة المدينة المنورة,24.534302,39.676954,9
10300014073,حي المطار,Al Matar Dist.,14,المدينة المنورة,Madinah,منطقة المدينة المنورة,24.543376,39.683513,40
10300014074,حي العريض,Al Ariydh Dist.,14,المدينة المنورة,Madinah,منطقة المدينة المنورة,24.48084,39.644002,64
10300014075,حي العنابس,Al Anabis Dist.,14,المدينة المنورة,Madinah,منطقة المدينة المنورة,24.471136,39.585369,19
10300014076,حي الفتح,Al Fath Dist.,14,المدينة المنورة,Madinah,منطقة المدينة المنورة,24.481422,39.591779,11
10300014077,حي الراية,Ar Rayah Dist.,14,المدينة المنورة,Madinah,منطقة المدينة المنورة,24.48521,39.598914,15
10300014079,حي السقيا,As Suqya Dist.,14,المدينة المنورة,Madinah,منطقة المدينة المنورة,24.464718,39.596657,4
10300014082,حي جبل عير,Jabal Ayr Dist.,14,المدينة المنورة,Madinah,منطقة المدينة المنورة,24.388741,39.56063,8
10300014083,حي الشافية,Ash Shafiyah Dist.,14,المدينة المنورة,Madinah,منطقة المدينة المنورة,24.551448,39.623421,28
10300014084,حي الشهداء,Ash Shuhada Dist.,14,المدينة المنورة,Madinah,منطقة المدينة المنورة,24.499291,39.605689,3
10300014085,حي جبل احد,Jabal Uhud Dist.,14,المدينة المنورة,Madinah,منطقة المدينة المنورة,24.514541,39.604239,5
10300014088,حي بني معاوية,Bani Muawiyah Dist.,14,المدينة المنورة,Madinah,منطقة المدينة المنورة,24.474696,39.627087,16
10300014090,حي ورقان,Warqan Dist.,14,المدينة المنورة,Madinah,منطقة المدينة المنورة,24.375629,39.520742,26
10300014091,حي شوران,Shuran Dist.,14,المدينة المنورة,Madinah,منطقة المدينة المنورة,24.401604,39.62172,157
10300014092,حي الصناعية,Industrial Dist.,14,المدينة المنورة,Madinah,منطقة المدينة المنورة,24.362705,39.511671,43
10300014093,حي الدويخلة,Ad Duwaikhilah Dist.,14,المدينة المنورة,Madinah,منطقة المدينة المنورة,24.502989,39.679718,22
10300014094,حي العاقول,Al Aqoul Dist.,14,المدينة المنورة,Madinah,منطقة المدينة المنورة,24.513942,39.720926,70
10300014095,حي وادي البطان,Wadi Al Battan Dist.,14,المدينة المنورة,Madinah,منطقة المدينة المنورة,24.513189,39.782159,35
10300014096,حي المليليح,Al Mulaylih Dist.,14,المدينة المنورة,Madinah,منطقة المدينة المنورة,24.809695,39.195677,14
10300014097,حي الاناهي,Al Anahi Dist.,14,المدينة المنورة,Madinah,منطقة المدينة المنورة,24.463788,39.718665,52
10300014099,حى الخضراء,Al Khadhra Dist.,14,المدينة المنورة,Madinah,منطقة المدينة المنورة,24.568159,39.748871,76
10300014101,حى الصهلوج,Al Sahluj Dist.,14,المدينة المنورة,Madinah,منطقة المدينة المنورة,24.461573,39.449283,9
10300014110,حي المندسة,Al Mundasa Dist.,14,المدينة المنورة,Madinah,منطقة المدينة المنورة,24.572126,39.340092,40
10300014111,حى القبيبة,Qubeiba Dist.,14,المدينة المنورة,Madinah,منطقة المدينة المنورة,24.611613,39.690527,7
10300014115,حى ابو سدر,Abu Sidr Dist.,14,المدينة المنورة,Madinah,منطقة المدينة المنورة,24.597662,39.690997,11
10300014116,حى سد الغابة,Sad Al Ghaba Dist.,14,المدينة المنورة,Madinah,منطقة المدينة المنورة,24.575835,39.597616,11
10300014117,حى الحساء,Al Hisa Dist.,14,المدينة المنورة,Madinah,منطقة المدينة المنورة,24.363594,39.544029,12
10300014118,حي المدينة الصناعية,Industrial City Dist.,14,المدينة المنورة,Madinah,منطقة المدينة المنورة,24.352349,39.518947,53
10300014120,حي الصويدرة,As Suwaydra Dist.,14,المدينة المنورة,Madinah,منطقة المدينة المنورة,24.688157,40.134105,35
10300014121,حي ابيار الماشي,Abyar Al Mashi Dist.,14,المدينة المنورة,Madinah,منطقة المدينة المنورة,24.145321,39.519162,49
10400011001,حي اليرموك,Al Yarmouk Dist.,11,بريدة,Buraidah,منطقة القصيم,26.236535,44.018537,24
10400011002,حي الرمال,Ar Rimal Dist.,11,بريدة,Buraidah,منطقة القصيم,26.340061,44.018744,23
10400011004,حي الخضر,Al Khudar Dist.,11,بريدة,Buraidah,منطقة القصيم,26.24822,43.998787,12
10400011005,حي اللسيب,Al Lusayb Dist.,11,بريدة,Buraidah,منطقة القصيم,26.261381,43.932324,43
10400011006,حي النور,Al Nur Dist.,11,بريدة,Buraidah,منطقة القصيم,26.459855,43.880892,46
10400011008,حي القصيعة,Al Qusayah Dist.,11,بريدة,Buraidah,منطقة القصيم,26.26556,43.956573,13
10400011009,حي الغدير,Al Ghadir Dist.,11,بريدة,Buraidah,منطقة القصيم,26.277071,44.031552,23
10400011011,حي السالمية,As Salmiya Dist.,11,بريدة,Buraidah,منطقة القصيم,26.285402,43.990208,16
10400011012,حي الروابي,Al Rawabi Dist.,11,بريدة,Buraidah,منطقة القصيم,26.294082,44.04232,16
10400011013,حي حويلان,Huwailan Dist.,11,بريدة,Buraidah,منطقة القصيم,26.303029,43.942221,8
10400011015,حي واسط,Wasit Dist.,11,بريدة,Buraidah,منطقة القصيم,26.304098,43.960322,16
10400011019,حي الخليج,Al Khalij Dist.,11,بريدة,Buraidah,منطقة القصيم,26.309211,43.972052,11
10400011021,حي خب البريدي,Khub Al Buraydi Dist.,11,بريدة,Buraidah,منطقة القصيم,26.322288,43.933533,3
10400011022,حي السادة,As Sadah Dist.,11,بريدة,Buraidah,منطقة القصيم,26.321093,43.986968,3
10400011028,حي الموطا,Al Mawta Dist.,11,بريدة,Buraidah,منطقة القصيم,26.318162,43.95973,4
10400011029,حي التعليم,At Taalim Dist.,11,بريدة,Buraidah,منطقة القصيم,26.326326,43.984482,4
10400011033,حي الشروق,Al Shorouq Dist.,11,بريدة,Buraidah,منطقة القصيم,26.329614,44.042431,18
10400011034,حي خب الثنيان,Khub Ath Thanyan Dist.,11,بريدة,Buraidah,منطقة القصيم,26.33263,43.931591,6
10400011035,حي الشماس,Ash Shammas Dist.,11,بريدة,Buraidah,منطقة القصيم,26.331809,43.966895,5
10400011036,حي القادسية,Al Qadisiyah Dist.,11,بريدة,Buraidah,منطقة القصيم,26.328321,43.952348,3
10400011038,حي الخبيب,Al Khabib Dist.,11,بريدة,Buraidah,منطقة القصيم,26.336958,43.973889,4
10400011039,حي المرقب,Al Marqab Dist.,11,بريدة,Buraidah,منطقة القصيم,26.340124,43.957553,4
10400011040,حي الربيع,Ar Rabie Dist.,11,بريدة,Buraidah,منطقة القصيم,26.343076,43.987521,5
10400011041,حي الرفيعة,Ar Rafiah Dist.,11,بريدة,Buraidah,منطقة القصيم,26.334614,43.997236,13
10400011042,حي الزرقاء,Az Zarqa Dist.,11,بريدة,Buraidah,منطقة القصيم,26.341731,43.922609,13
10400011044,حي الشفق,Ash Shafaq Dist.,11,بريدة,Buraidah,منطقة القصيم,26.363019,43.857202,57
10400011045,حي القاع البارد,Al Qaa Al Barid Dist.,11,بريدة,Buraidah,منطقة القصيم,26.354214,44.027405,17
10400011046,حي المنار,Al Manar Dist.,11,بريدة,Buraidah,منطقة القصيم,26.353151,43.93373,23
10400011048,حي الربوة,Ar Rabwah Dist.,11,بريدة,Buraidah,منطقة القصيم,26.356365,43.985227,17
10400011050,حي الصفراء,As Safra Dist.,11,بريدة,Buraidah,منطقة القصيم,26.364874,43.955524,15
10400011052,حي الفايزية,Al Fayziyah Dist.,11,بريدة,Buraidah,منطقة القصيم,26.373225,43.974005,12
10400011053,حي النخيل,Al Nakhil Dist.,11,بريدة,Buraidah,منطقة القصيم,26.369596,43.896908,56
10400011054,حي الروضه,Ar Rawdah Dist.,11,بريدة,Buraidah,منطقة القصيم,26.382467,43.919487,29
10400011055,حي النفل,An Nafl Dist.,11,بريدة,Buraidah,منطقة القصيم,26.3733,44.033661,11
10400011056,حي الإسكان,Al Iskan Dist.,11,بريدة,Buraidah,منطقة القصيم,26.386066,43.935532,20
10400011057,حي الأخضر,Al Akhdar Dist.,11,بريدة,Buraidah,منطقة القصيم,26.39491,43.968618,22
10400011058,حي الشقة,Ash Shiqah Dist.,11,بريدة,Buraidah,منطقة القصيم,26.385101,43.845532,85
10400011059,حي الرابية,Ar Rabiyah Dist.,11,بريدة,Buraidah,منطقة القصيم,26.392535,43.985343,6
10400011060,حي الريان,Ar Rayyan Dist.,11,بريدة,Buraidah,منطقة القصيم,26.399535,43.917874,48
10400011061,حي النهضة,An Nahdah Dist.,11,بريدة,Buraidah,منطقة القصيم,26.40816,43.93117,48
10400011062,حي الافق,Al Ufuq Dist.,11,بريدة,Buraidah,منطقة القصيم,26.390056,43.954736,20
10400011064,حي الخزامى,Al Khuzama Dist.,11,بريدة,Buraidah,منطقة القصيم,26.414276,43.982993,13
10400011065,حي الجزيرة,Al Jazirah Dist.,11,بريدة,Buraidah,منطقة القصيم,26.404227,43.891316,42
10400011066,حي الرحاب,Al Rehab Dist.,11,بريدة,Buraidah,منطقة القصيم,26.425986,43.893711,71
10400011067,حي الحزم,Al Hazm Dist.,11,بريدة,Buraidah,منطقة القصيم,26.42921,43.915673,75
10400080004,حي الدوحة,Ad Dawhah Dist.,80,عنيزة,Unayzah,منطقة القصيم,26.034749,43.974634,7
10400080005,حي الحاجب,Al Hajeb Dist.,80,عنيزة,Unayzah,منطقة القصيم,26.03281,43.966549,6
10400080006,حي الرمال,Ar Rimal Dist.,80,عنيزة,Unayzah,منطقة القصيم,26.06264,43.953293,27
10400080007,حي الحفيرة,Al Hufayrah Dist.,80,عنيزة,Unayzah,منطقة القصيم,26.070102,43.921754,3
10400080009,حي الملك خالد,King Khalid Dist.,80,عنيزة,Unayzah,منطقة القصيم,26.089343,44.036776,28
10400080010,حي الملك فهد,King Fahd Dist.,80,عنيزة,Unayzah,منطقة القصيم,26.101577,44.03079,68
10400080011,حي الرياضى,Ar Riyadi Dist.,80,عنيزة,Unayzah,منطقة القصيم,26.079272,44.057367,19
10400080016,حي الشفاء,Ash Shifa Dist.,80,عنيزة,Unayzah,منطقة القصيم,26.083862,43.999894,45
10400080018,حي السليمانية,As Sulimaniyah Dist.,80,عنيزة,Unayzah,منطقة القصيم,26.08791,44.02144,30
10400080025,حي الصالحية,As Salhiyah Dist.,80,عنيزة,Unayzah,منطقة القصيم,26.104773,43.988079,13
10400080029,حي الرحمانية,Ar Rahmaniyah Dist.,80,عنيزة,Unayzah,منطقة القصيم,26.134036,43.947292,3
10400080034,حي الوهلان,Al Wahlan Dist.,80,عنيزة,Unayzah,منطقة القصيم,26.100738,43.934254,64
10400080037,حي العليا,Al Olaya Dist.,80,عنيزة,Unayzah,منطقة القصيم,26.117554,43.962169,29
10400080038,وسط المدينة,City Center,80,عنيزة,Unayzah,منطقة القصيم,26.099394,43.963041,20
10400080039,حي الريان,Ar Rayan Dist.,80,عنيزة,Unayzah,منطقة القصيم,26.073843,43.97072,61
10400080040,حي الفاخرية,Al Fakhriyah Dist.,80,عنيزة,Unayzah,منطقة القصيم,26.076069,43.985863,39
10400080044,حي السلام,As Salam Dist.,80,عنيزة,Unayzah,منطقة القصيم,26.080759,43.952313,61
10400080046,حي العونية,Al Awniyah Dist.,80,عنيزة,Unayzah,منطقة القصيم,26.085554,43.935712,52
10400080047,حي الحمراء,Al Hamra Dist.,80,عنيزة,Unayzah,منطقة القصيم,26.028766,43.970518,24
10400080048,حي الفيحاء,Al Fayha Dist.,80,عنيزة,Unayzah,منطقة القصيم,26.045455,44.00482,10
10400080051,حي المروج,Al Muruj Dist.,80,عنيزة,Unayzah,منطقة القصيم,26.121802,44.012741,50
10400080054,حي المنار,Al Manar Dist.,80,عنيزة,Unayzah,منطقة القصيم,26.099241,44.020157,77
10400080055,حي الاشرفية,Al Ashrafiyah Dist.,80,عنيزة,Unayzah,منطقة القصيم,26.10439,44.007233,18
10400080056,حي الخزامى,Al Khuzama Dist.,80,عنيزة,Unayzah,منطقة القصيم,26.123796,43.98762,22
10400080067,حي الوفاء,Al Wafa Dist.,80,عنيزة,Unayzah,منطقة القصيم,26.074025,44.020138,43
10400080069,حي الواحة,Al Wahah Dist.,80,عنيزة,Unayzah,منطقة القصيم,26.077239,44.093022,16
10400080071,حي الجلده,Al Jaldah Dist.,80,عنيزة,Unayzah,منطقة القصيم,26.007801,43.9965,8
10400080080,حي الوادي,Al Wadi Dist.,80,عنيزة,Unayzah,منطقة القصيم,26.151252,43.977628,4
10400080083,حي المصيف,Al Masif Dist.,80,عنيزة,Unayzah,منطقة القصيم,26.096465,43.954214,36
10401999005,حي النهضة,An Nahdah Dist.,1999,عيون الجواء,Uyun Al Jawa',منطقة القصيم,26.481528,43.621848,12
10401999006,حي النزهة,An Nuzhah Dist.,1999,عيون الجواء,Uyun Al Jawa',منطقة القصيم,26.48023,43.636812,5
10402421004,حي الاحتفالات,Al Ihtifalat Dist.,2421,الرس,Ar Rass,منطقة القصيم,25.851555,43.47227,13
10402421007,حي الحزم,Al Hazm Dist.,2421,الرس,Ar Rass,منطقة القصيم,25.867697,43.520859,10
10402421008,حي التعليم,At Talim Dist.,2421,الرس,Ar Rass,منطقة القصيم,25.886533,43.560286,6
10402421009,حي الربوة,Ar Rabwah Dist.,2421,الرس,Ar Rass,منطقة القصيم,25.8853,43.52991,7
10402421011,حي الشفاء,Ash Shifa Dist.,2421,الرس,Ar Rass,منطقة القصيم,25.881642,43.516674,3
10402421012,حي الجندل,Al Jandal Dist.,2421,الرس,Ar Rass,منطقة القصيم,25.894276,43.524654,5
10402421015,حي المطار,Al Matar Dist.,2421,الرس,Ar Rass,منطقة القصيم,25.871187,43.497617,5
10402421016,حي الزهرة,Az Zahrah Dist.,2421,الرس,Ar Rass,منطقة القصيم,25.872705,43.495545,3
10402421024,حي الجريف,Al Juraif Dist.,2421,الرس,Ar Rass,منطقة القصيم,25.861018,43.524004,6
10402421038,حي الاندلس,Al Andalus Dist.,2421,الرس,Ar Rass,منطقة القصيم,25.845148,43.512952,5
10402448002,حي الورود,Al Wurud Dist.,2448,المذنب,Al Midhnab,منطقة القصيم,25.841844,44.233389,3
10402467006,حي النزهة,An Nuzhah Dist.,2467,رياض الخبراء,Riyad Al Khabra,منطقة القصيم,26.070488,43.550464,8
10402467011,حي القدس,Al Quds Dist.,2467,رياض الخبراء,Riyad Al Khabra,منطقة القصيم,26.054743,43.569975,7
10402467013,حي الحزم,Al Hazm Dist.,2467,رياض الخبراء,Riyad Al Khabra,منطقة القصيم,26.039347,43.548036,10
10402481008,حي الاندلس,Al Andalus Dist.,2481,البدائع,Al Badai',منطقة القصيم,25.978867,43.751162,6
10402481012,حي الاصفر,Al Asfar Dist.,2481,البدائع,Al Badai',منطقة القصيم,25.975085,43.71525,5
10402481013,حي رامات,Ramat Dist.,2481,البدائع,Al Badai',منطقة القصيم,25.955964,43.713402,6
10402481016,حي السلام,As Salam Dist.,2481,البدائع,Al Badai',منطقة القصيم,25.990496,43.749071,3
10402481017,حي العبدلية,Al Abdaliyah Dist.,2481,البدائع,Al Badai',منطقة القصيم,25.920142,43.667106,4
10402630002,حي الزهرة,Az Zahrah Dist.,2630,البكيرية,Al Bukayriyah,منطقة القصيم,26.134627,43.654869,20
10402630005,حي الخليج,Al Khalij Dist.,2630,البكيرية,Al Bukayriyah,منطقة القصيم,26.131768,43.667638,12
10402630007,حي النهضة,An Nahdah Dist.,2630,البكيرية,Al Bukayriyah,منطقة القصيم,26.134146,43.671212,3
10402630008,حي النخيل,Al Nakhil Dist.,2630,البكيرية,Al Bukayriyah,منطقة القصيم,26.184066,43.680749,4
10402630012,حي القادسية,Al Qadisiyah Dist.,2630,البكيرية,Al Bukayriyah,منطقة القصيم,26.123864,43.605684,62
10402630014,حي الريان,Ar Rayyan Dist.,2630,البكيرية,Al Bukayriyah,منطقة القصيم,26.168119,43.649633,4
10402630015,حي الامل,Al Amal Dist.,2630,البكيرية,Al Bukayriyah,منطقة القصيم,26.150592,43.589715,94
10402630016,حي الرياض,Ar Riyadh Dist.,2630,البكيرية,Al Bukayriyah,منطقة القصيم,26.135544,43.607364,16
10402630017,حي الديرة,Al Dirah Dist.,2630,البكيرية,Al Bukayriyah,منطقة القصيم,26.147399,43.660559,30
10402630019,حي الربوة,Ar Rabwah Dist.,2630,البكيرية,Al Bukayriyah,منطقة القصيم,26.174261,43.602067,60
10402777015,حي السلام,As Salam Dist.,2777,الشماسية,Ash Shimasiyah,منطقة القصيم,26.294351,44.255605,6
10402988006,حي الخليج,Al Khalij Dist.,2988,عقلة الصقور,Uqlat As Suqur,منطقة القصيم,25.836347,42.179196,4
10402988011,حي الملك فهد,King Fahd Dist.,2988,عقلة الصقور,Uqlat As Suqur,منطقة القصيم,25.820964,42.184321,15
10402988022,حي النهضة,An Nahdah Dist.,2988,عقلة الصقور,Uqlat As Suqur,منطقة القصيم,25.825386,42.210602,3
10500013001,حي الخالدية الشمالية,Al Khalidiyah Ash Shamaliyah Dist.,13,الدمام,Dammam,المنطقة الشرقية,26.426491,50.134836,9
10500013002,حي الناصرية,An Nasriyah Dist.,13,الدمام,Dammam,المنطقة الشرقية,26.424876,50.121518,7
10500013005,حي الأثير,Al Athir Dist.,13,الدمام,Dammam,المنطقة الشرقية,26.436265,50.058599,34
10500013006,حي الجلوية,Al Jalawiyah Dist.,13,الدمام,Dammam,المنطقة الشرقية,26.437068,50.071007,31
10500013007,حي النخيل,Al Nakhil Dist.,13,الدمام,Dammam,المنطقة الشرقية,26.440439,50.09013,14
10500013008,حي القزاز,Al Qazaz Dist.,13,الدمام,Dammam,المنطقة الشرقية,26.4342,50.091809,7
10500013009,حي البادية,Al Badiyah Dist.,13,الدمام,Dammam,المنطقة الشرقية,26.428505,50.091051,39
10500013010,حي الدواسر,Ad Dawasir Dist.,13,الدمام,Dammam,المنطقة الشرقية,26.446713,50.102165,9
10500013011,حي العنود,Al Anud Dist.,13,الدمام,Dammam,المنطقة الشرقية,26.443777,50.080169,51
10500013012,حي الشاطئ الغربي,Ash Shati Al Gharbi Dist.,13,الدمام,Dammam,المنطقة الشرقية,26.483878,50.122766,63
10500013013,حي الضباب,Ad Dabab Dist.,13,الدمام,Dammam,المنطقة الشرقية,26.426157,50.047187,46
10500013014,حي المنار,Al Manar Dist.,13,الدمام,Dammam,المنطقة الشرقية,26.375213,50.036124,145
10500013015,حي النور,An Nur Dist.,13,الدمام,Dammam,المنطقة الشرقية,26.429212,50.024557,217
10500013016,حي السلام,As Salam Dist.,13,الدمام,Dammam,المنطقة الشرقية,26.454318,50.104237,57
10500013017,حي الزهور,Az Zuhur Dist.,13,الدمام,Dammam,المنطقة الشرقية,26.45342,50.086172,121
10500013018,حي المريكبات,Al Muraikabat Dist.,13,الدمام,Dammam,المنطقة الشرقية,26.418682,50.096493,10
10500013019,حي النهضة,An Nahdah Dist.,13,الدمام,Dammam,المنطقة الشرقية,26.374842,50.143489,36
10500013020,حي ضاحية الملك فهد,Dahiyat Al Malik Fahd Dist.,13,الدمام,Dammam,المنطقة الشرقية,26.41922,49.99222,514
10500013021,حي السيف,As Saif Dist.,13,الدمام,Dammam,المنطقة الشرقية,26.39084,50.210239,662
10500013022,حي الصناعية,As Sinaiyah Dist.,13,الدمام,Dammam,المنطقة الشرقية,26.448988,50.029557,8
10500013023,حي احد,Uhud Dist.,13,الدمام,Dammam,المنطقة الشرقية,26.41483,50.039635,55
10500013024,حي بدر,Badr Dist.,13,الدمام,Dammam,المنطقة الشرقية,26.40281,50.024933,113
10500013025,حي الخليج,Al Khalij Dist.,13,الدمام,Dammam,المنطقة الشرقية,26.446028,50.090164,30
10500013026,حي الروضة,Ar Rawdah Dist.,13,الدمام,Dammam,المنطقة الشرقية,26.400661,50.081096,36
10500013027,حي طيبة,Taibah Dist.,13,الدمام,Dammam,المنطقة الشرقية,26.358104,50.053225,185
10500013028,حي الجامعيين,Al Jamiyin Dist.,13,الدمام,Dammam,المنطقة الشرقية,26.385942,50.098649,118
10500013029,حي الريان,Ar Rayyan Dist.,13,الدمام,Dammam,المنطقة الشرقية,26.407437,50.09763,10
10500013030,حي القادسية,Al Qadisiyah Dist.,13,الدمام,Dammam,المنطقة الشرقية,26.41613,50.071014,18
10500013031,حي غرناطة,Ghirnatah Dist.,13,الدمام,Dammam,المنطقة الشرقية,26.425485,50.080475,23
10500013032,حي العدامة,Al Adamah Dist.,13,الدمام,Dammam,المنطقة الشرقية,26.434222,50.100866,30
10500013033,حي الامير محمد بن سعود,Prince Muhammed Ibn Saud Dist.,13,الدمام,Dammam,المنطقة الشرقية,26.430717,50.114839,17
10500013034,حي الطبيشي,At Tubayshi Dist.,13,الدمام,Dammam,المنطقة الشرقية,26.43467,50.121957,12
10500013035,حي المزروعية,Al Mazruiyah Dist.,13,الدمام,Dammam,المنطقة الشرقية,26.442297,50.124712,39
10500013036,حي الصفا,As Safa Dist.,13,الدمام,Dammam,المنطقة الشرقية,26.389426,50.180972,3
10500013037,حي المنتزه,Al Muntazah Dist.,13,الدمام,Dammam,المنطقة الشرقية,26.378513,50.126043,106
10500013038,حي النزهة,An Nuzhah Dist.,13,الدمام,Dammam,المنطقة الشرقية,26.393323,50.107172,20
10500013039,حي الفردوس,Al Firdaws Dist.,13,الدمام,Dammam,المنطقة الشرقية,26.37827,50.117636,62
10500013040,حي قصر الخليج,Qasr Al Khalij Dist.,13,الدمام,Dammam,المنطقة الشرقية,26.359923,50.139956,23
10500013043,حي الخضرية,Al Kuthriah Dist.,13,الدمام,Dammam,المنطقة الشرقية,26.44569,50.053774,8
10500013044,حي مدينة العمال,Madinat Al Ummal Dist.,13,الدمام,Dammam,المنطقة الشرقية,26.42517,50.109082,24
10500013045,حي العمامرة,Al Amamrah Dist.,13,الدمام,Dammam,المنطقة الشرقية,26.444526,50.111902,5
10500013046,حي البديع,Al Badi Dist.,13,الدمام,Dammam,المنطقة الشرقية,26.447988,50.114099,11
10500013047,حي الشاطئ الشرقي,Ash Shati Ash Sharqi Dist.,13,الدمام,Dammam,المنطقة الشرقية,26.472215,50.130204,79
10500013048,حي الفيحاء,Al Fayha Dist.,13,الدمام,Dammam,المنطقة الشرقية,26.43746,50.040883,23
10500013050,حي الراكة الشمالية,Ar Rakah Ash Shamaliyah Dist.,13,الدمام,Dammam,المنطقة الشرقية,26.371031,50.189517,67
10500013051,حي النورس,An Nawras Dist.,13,الدمام,Dammam,المنطقة الشرقية,26.411867,50.185735,24
10500013052,حي الفيصلية,Al Faisaliyah Dist.,13,الدمام,Dammam,المنطقة الشرقية,26.386571,50.0599,103
10500013056,حي الربيع,Ar Rabie Dist.,13,الدمام,Dammam,المنطقة الشرقية,26.441156,50.116261,8
10500013057,حي الحمراء,Al Hamra Dist.,13,الدمام,Dammam,المنطقة الشرقية,26.467839,50.092639,21
10500013059,حي الجوهرة,Al Jawharah Dist.,13,الدمام,Dammam,المنطقة الشرقية,26.4661,50.07911,121
10500013061,حي الدانة,Ad Danah Dist.,13,الدمام,Dammam,المنطقة الشرقية,26.466385,50.045515,3
10500013062,حي المحمدية,Al Muhammadiyah Dist.,13,الدمام,Dammam,المنطقة الشرقية,26.459909,50.05666,13
10500013063,حي العزيزية,Al Aziziyah Dist.,13,الدمام,Dammam,المنطقة الشرقية,26.458294,50.071469,27
10500013064,حي الواحة,Al Wahah Dist.,13,الدمام,Dammam,المنطقة الشرقية,26.385269,50.088427,150
10500013069,حي الحسام,Al Hussam Dist.,13,الدمام,Dammam,المنطقة الشرقية,26.388054,50.172971,49
10500013072,حي الخالدية الجنوبية,Al Khalidiyah Al Janubiyah Dist.,13,الدمام,Dammam,المنطقة الشرقية,26.416276,50.161233,19
10500013073,حي الشعلة,Ash Shulah Dist.,13,الدمام,Dammam,المنطقة الشرقية,26.343113,50.063945,768
10500013074,حي الأنوار,Al Anwar Dist.,13,الدمام,Dammam,المنطقة الشرقية,26.370499,49.998875,18
10500013078,حي المطار,Al Matar Dist.,13,الدمام,Dammam,المنطقة الشرقية,26.373981,49.941937,29
10500013079,حي الأمانة,Al Amanah Dist.,13,الدمام,Dammam,المنطقة الشرقية,26.38713,49.968288,62
10500013080,حي الفرسان,Al Fursan Dist.,13,الدمام,Dammam,المنطقة الشرقية,26.356258,49.961204,76
10500013082,حي الندى,An Nada Dist.,13,الدمام,Dammam,المنطقة الشرقية,26.375914,50.0785,71
10500013085,حي الإسكان الجنوبي,Al Iskan Al Janubi Dist.,13,الدمام,Dammam,المنطقة الشرقية,26.319429,49.996955,19
10500013086,حي العروبة,Al Urubah Dist.,13,الدمام,Dammam,المنطقة الشرقية,26.335964,50.006001,115
10500013087,حي الاسكان الشمالي,Al Iskan Northren Dist.,13,الدمام,Dammam,المنطقة الشرقية,26.356662,49.980993,3
10500031001,حي التحلية,At Tahliyah Dist.,31,الخبر,Al Khobar,المنطقة الشرقية,26.189348,50.193606,125
10500031002,حي ابن سيناء,Ibn Sina Dist.,31,الخبر,Al Khobar,المنطقة الشرقية,26.241477,50.200879,6
10500031003,حي الحزام الاخضر,Al Hizam Al Akhdar Dist.,31,الخبر,Al Khobar,المنطقة الشرقية,26.305909,50.19567,28
10500031004,حي صناعية الثقبة,Sinaiyah Ath Thuqbah Dist.,31,الخبر,Al Khobar,المنطقة الشرقية,26.25626,50.200988,8
10500031005,حي التعاون,At Taawun Dist.,31,الخبر,Al Khobar,المنطقة الشرقية,26.217535,50.18677,36
10500031006,حي الراكة الجنوبية,Ar Rakah Al Janubiyah Dist.,31,الخبر,Al Khobar,المنطقة الشرقية,26.35326,50.201103,78
10500031008,حي مدينة العمال,Madinat Al Ummal Dist.,31,الخبر,Al Khobar,المنطقة الشرقية,26.295637,50.203624,44
10500031009,حي العقربية,Al Aqrabiyah Dist.,31,الخبر,Al Khobar,المنطقة الشرقية,26.291488,50.192981,45
10500031010,حي الخبر الجنوبية,Al Khubar Al Janubiyah Dist.,31,الخبر,Al Khobar,المنطقة الشرقية,26.271974,50.210233,59
10500031011,حي الروابي,Ar Rawabi Dist.,31,الخبر,Al Khobar,المنطقة الشرقية,26.331279,50.208851,37
10500031012,حي اليرموك,Al Yarmok Dist.,31,الخبر,Al Khobar,المنطقة الشرقية,26.312861,50.221964,10
10500031013,حي قرطبة,Qurtubah Dist.,31,الخبر,Al Khobar,المنطقة الشرقية,26.345733,50.183241,32
10500031014,حي الجوهرة,Al Jawharah Dist.,31,الخبر,Al Khobar,المنطقة الشرقية,26.324894,50.191768,14
10500031015,حي الحزام الذهبي,Al Hizam Adh Dhahabi Dist.,31,الخبر,Al Khobar,المنطقة الشرقية,26.314954,50.201338,18
10500031016,حي الاندلس,Al Andalus Dist.,31,الخبر,Al Khobar,المنطقة الشرقية,26.320837,50.186621,13
10500031018,حي البندرية,Al Bandariyah Dist.,31,الخبر,Al Khobar,المنطقة الشرقية,26.305971,50.214044,58
10500031020,حي الثقبة,Ath Thuqbah Dist.,31,الخبر,Al Khobar,المنطقة الشرقية,26.276016,50.191145,111
10500031021,حي العليا,Al Olaya Dist.,31,الخبر,Al Khobar,المنطقة الشرقية,26.296694,50.176451,122
10500031022,حي الاسكان,Al Iskan Dist.,31,الخبر,Al Khobar,المنطقة الشرقية,26.258249,50.21216,4
10500031023,حي الحمراء,Al Hamra Dist.,31,الخبر,Al Khobar,المنطقة الشرقية,26.226936,50.201927,871
10500031024,حي الجسر,Al Jisr Dist.,31,الخبر,Al Khobar,المنطقة الشرقية,26.211462,50.206748,61
10500031025,حي الخزامى,Al Khuzama Dist.,31,الخبر,Al Khobar,المنطقة الشرقية,26.212474,50.194053,92
10500031027,حي البحر,Al Bahar Dist.,31,الخبر,Al Khobar,المنطقة الشرقية,26.358583,50.227364,297
10500031028,حي الكورنيش,Al Kurnaish Dist.,31,الخبر,Al Khobar,المنطقة الشرقية,26.317825,50.221985,27
10500031029,حي صناعية الفوازية,Sinaiyah Al Fawaziyah Dist.,31,الخبر,Al Khobar,المنطقة الشرقية,26.238944,50.213851,10
10500031031,حي الخور,Al Khawr Dist.,31,الخبر,Al Khobar,المنطقة الشرقية,26.228653,50.217731,48
10500031033,حي البحيرة,Al Buhayrah Dist.,31,الخبر,Al Khobar,المنطقة الشرقية,26.193392,50.179433,114
10500031034,حي الشراع,Ash Sheraa Dist.,31,الخبر,Al Khobar,المنطقة الشرقية,26.163038,50.149621,258
10500031035,حي الكوثر,Al Kawthar Dist.,31,الخبر,Al Khobar,المنطقة الشرقية,26.146869,50.119618,88
10500031036,حي الرجاء,Ar Raja Dist.,31,الخبر,Al Khobar,المنطقة الشرقية,26.163076,50.118557,25
10500031037,حي الصواري,As Sawari Dist.,31,الخبر,Al Khobar,المنطقة الشرقية,26.186115,50.152183,257
10500031038,حي العقيق,Al Aqiq Dist.,31,الخبر,Al Khobar,المنطقة الشرقية,26.099299,50.14602,148
10500031039,حي المها,Al Maha Dist.,31,الخبر,Al Khobar,المنطقة الشرقية,26.194299,50.125732,13
10500031040,حي الامواج,Al Amwaj Dist.,31,الخبر,Al Khobar,المنطقة الشرقية,26.138487,50.142798,254
10500031041,حي اللؤلؤ,Al Lulu Dist.,31,الخبر,Al Khobar,المنطقة الشرقية,26.119208,50.14374,262
10500031042,حي المرجان,Al Murjan Dist.,31,الخبر,Al Khobar,المنطقة الشرقية,26.114086,50.121109,26
10500047005,حي التلال,At Talal Dist.,47,حفر الباطن,Hafar Al Batin,المنطقة الشرقية,28.445858,45.93642,8
10500047006,حي الشفاء,Ash Shifa Dist.,47,حفر الباطن,Hafar Al Batin,المنطقة الشرقية,28.250183,45.925934,14
10500047007,حي الوادي,Al Wadi Dist.,47,حفر الباطن,Hafar Al Batin,المنطقة الشرقية,28.358868,45.970785,7
10500047008,حي البلدية,Al Baladiyah Dist.,47,حفر الباطن,Hafar Al Batin,المنطقة الشرقية,28.426966,45.984378,4
10500047010,حي العزيزية,Al Aziziyah Dist.,47,حفر الباطن,Hafar Al Batin,المنطقة الشرقية,28.451643,45.967131,4
10500047011,حي الفيحاء,Al Fayha Dist.,47,حفر الباطن,Hafar Al Batin,المنطقة الشرقية,28.45491,46.013454,3
10500047014,حي المحمدية,Al Muhammadiyah Dist.,47,حفر الباطن,Hafar Al Batin,المنطقة الشرقية,28.38165,45.975194,10
10500047015,حي الخالدية,Al Khalidiyah Dist.,47,حفر الباطن,Hafar Al Batin,المنطقة الشرقية,28.42133,45.956128,4
10500047019,حي قرطبة,Qurtubah Dist.,47,حفر الباطن,Hafar Al Batin,المنطقة الشرقية,28.300543,45.958916,6
10500047020,حي الروضة,Ar Rawdah Dist.,47,حفر الباطن,Hafar Al Batin,المنطقة الشرقية,28.454314,46.051274,3
10500047021,حي السليمانية,As Sulimaniyah Dist.,47,حفر الباطن,Hafar Al Batin,المنطقة الشرقية,28.39974,45.93614,10
10500047022,حي الفيصلية,Al Faisaliyah Dist.,47,حفر الباطن,Hafar Al Batin,المنطقة الشرقية,28.395165,45.957938,6
10500047025,حي اليرموك,Al Yarmuk Dist.,47,حفر الباطن,Hafar Al Batin,المنطقة الشرقية,28.280437,45.953429,15
10500047026,حي الريان,Ar Rayan Dist.,47,حفر الباطن,Hafar Al Batin,المنطقة الشرقية,28.348355,45.95823,12
10500047032,حي غرناطة,Ghirnatah Dist.,47,حفر الباطن,Hafar Al Batin,المنطقة الشرقية,28.273465,45.940947,8
10500055005,حي الشفاء,Ash Shifa Dist.,55,القيصومة,Al Qaysumah,المنطقة الشرقية,28.286227,46.118427,3
10500067028,حي الخزامى,Al Khuzama Dist.,67,القطيف,Al Qatif,المنطقة الشرقية,26.565523,50.015532,4
10500067033,حي المدارس,Al Madaris Dist.,67,القطيف,Al Qatif,المنطقة الشرقية,26.578855,50.054803,3
10500067052,حي باب الشمال,Bab Madinah Ash Shamal Dist.,67,القطيف,Al Qatif,المنطقة الشرقية,26.560448,50.002192,3
10500067058,حي الزهراء,Az Zahra Dist.,67,القطيف,Al Qatif,المنطقة الشرقية,26.603146,50.011344,14
10500089004,حي غرناطة,Ghirnatah Dist.,89,قرية العليا,Qaryat Al 'Ulya,المنطقة الشرقية,27.554569,47.679793,3
10500089009,حي قرطبة,Qurtubah Dist.,89,قرية العليا,Qaryat Al 'Ulya,المنطقة الشرقية,27.545268,47.721753,3
10500089013,حي السلام,As Salam Dist.,89,قرية العليا,Qaryat Al 'Ulya,المنطقة الشرقية,27.55381,47.681781,3
10500113001,حي المرقاب,Al Merqab Dist.,113,الجبيل,Al Jubail,المنطقة الشرقية,26.999836,49.648797,6
10500113002,حي طيبة,Tebah Dist.,113,الجبيل,Al Jubail,المنطقة الشرقية,26.987735,49.654005,9
10500113004,حي الروضة,Al Rawdah Dist.,113,الجبيل,Al Jubail,المنطقة الشرقية,26.96163,49.670231,15
10500113005,حي الضباب,Al Dabab Dist.,113,الجبيل,Al Jubail,المنطقة الشرقية,27.021842,49.629154,10
10500113008,حي الدانة,Al Dana Dist.,113,الجبيل,Al Jubail,المنطقة الشرقية,27.011261,49.651294,3
10500113012,حي البستان,Al Bustan Dist.,113,الجبيل,Al Jubail,المنطقة الشرقية,26.99141,49.644086,5
10500113016,حي غرناطة,Ghirnatah Dist.,113,الجبيل,Al Jubail,المنطقة الشرقية,26.879172,49.759063,26
10500113019,حي البحر,Al Bahar Dist.,113,الجبيل,Al Jubail,المنطقة الشرقية,26.919866,49.72099,15
10500113021,حي الحمراء,Al Hamra Dist.,113,الجبيل,Al Jubail,المنطقة الشرقية,26.927847,49.724238,38
10500113023,حي العزيزية,Al Aziziyah Dist.,113,الجبيل,Al Jubail,المنطقة الشرقية,26.845264,49.802868,124
10500113024,حي قرطبة,Cordoba Dist.,113,الجبيل,Al Jubail,المنطقة الشرقية,26.863667,49.782048,39
10500113034,حي الفيحاء,Al Fayha Dist.,113,الجبيل,Al Jubail,المنطقة الشرقية,27.115177,49.547215,3
10500113037,حي دارين,Darin Dist.,113,الجبيل,Al Jubail,المنطقة الشرقية,27.171242,49.576835,4
10500113044,حي القدس,Al Quds Dist.,113,الجبيل,Al Jubail,المنطقة الشرقية,27.1301,49.543388,3
10500113045,حي جلمودة,Jalmudah Dist.,113,الجبيل,Al Jubail,المنطقة الشرقية,27.173187,49.529754,20
10500113046,حي المطرفية,Al Matrafiyah Dist.,113,الجبيل,Al Jubail,المنطقة الشرقية,27.102579,49.517164,4
10500115004,حي الربيع,Ar Rabie Dist.,115,النعيرية,An Nu'ayriyah,المنطقة الشرقية,27.480607,48.517643,23
10500115007,حي الخليج,Al Khalij Dist.,115,النعيرية,An Nu'ayriyah,المنطقة الشرقية,27.468626,48.525538,12
10500115008,حي المحمدية,Al Muhammadiyah Dist.,115,النعيرية,An Nu'ayriyah,المنطقة الشرقية,27.471399,48.475449,3
10500115009,حي الفيصلية,Al Faisaliyah Dist.,115,النعيرية,An Nu'ayriyah,المنطقة الشرقية,27.482018,48.469791,8
10500243009,حي المطار,Al Matar Dist.,243,بقيق,Buqayq,المنطقة الشرقية,25.927448,49.656932,10
10502038022,حي الرابية,Ar Rabiyah Dist.,2038,العيون,Al Uyun,المنطقة الشرقية,25.577137,49.5571,5
10502464001,حي السلام,As Salam Dist.,2464,الخفجي,Al Khafji,المنطقة الشرقية,28.38707,48.449625,4
10502464005,حي الشاطئ,Ash Shati Dist.,2464,الخفجي,Al Khafji,المنطقة الشرقية,28.470327,48.487423,3
10502464006,حي الروضة,Ar Rawdah Dist.,2464,الخفجي,Al Khafji,المنطقة الشرقية,28.399374,48.460815,5
10502464008,حي الخزامى,Al Khuzama Dist.,2464,الخفجي,Al Khafji,المنطقة الشرقية,28.453694,48.481987,3
10502464010,حي العزيزية,Al Aziziyah Dist.,2464,الخفجي,Al Khafji,المنطقة الشرقية,28.458494,48.491381,4
10502464021,حي الملك فهد,King Fahd Dist.,2464,الخفجي,Al Khafji,المنطقة الشرقية,28.411358,48.482005,3
10502590005,حي الاندلس,Al Andalus Dist.,2590,راس تنورة,Ras Tannurah,المنطقة الشرقية,26.702556,50.068161,8
10502590007,حي الفيحاء,Al Fayha Dist.,2590,راس تنورة,Ras Tannurah,المنطقة الشرقية,26.713114,50.053843,8
10502590008,حي الدانة,Ad Danah Dist.,2590,راس تنورة,Ras Tannurah,المنطقة الشرقية,26.705331,50.063272,6
10600015001,حي المنهل,Al Manhal Dist.,15,ابها,Abha,منطقة عسير,18.222167,42.514811,6
10600015004,حي النزهة,An Nuzhah Dist.,15,ابها,Abha,منطقة عسير,18.211756,42.512431,5
10600015005,حي ذرة,Dhurah Dist.,15,ابها,Abha,منطقة عسير,18.203529,42.508094,6
10600015006,حي شمسان,Shamsan Dist.,15,ابها,Abha,منطقة عسير,18.228981,42.505756,13
10600015007,حي القرى,Al Qura Dist.,15,ابها,Abha,منطقة عسير,18.237919,42.494496,11
10600015009,حي الربوة,Ar Rabwah Dist.,15,ابها,Abha,منطقة عسير,18.206976,42.524477,7
10600015010,حي النسيم,Al Naseem Dist.,15,ابها,Abha,منطقة عسير,18.209588,42.537412,7
10600015011,حي الاندلس,Al Andalus Dist.,15,ابها,Abha,منطقة عسير,18.217204,42.518558,6
10600015014,حي الوصايف,Al Wasaif Dist.,15,ابها,Abha,منطقة عسير,18.236424,42.483936,11
10600015017,حي الشفاء,Ash Shifa Dist.,15,ابها,Abha,منطقة عسير,18.207432,42.494156,5
10600015020,حي المروج,Al Muruj Dist.,15,ابها,Abha,منطقة عسير,18.215276,42.556766,102
10600015026,حي العرين,Al Arin Dist.,15,ابها,Abha,منطقة عسير,18.233392,42.555345,69
10600015027,حي البديع,Al Badi Dist.,15,ابها,Abha,منطقة عسير,18.22462,42.598455,97
10600015028,حي الصفا,Al Safa Dist.,15,ابها,Abha,منطقة عسير,18.223039,42.579697,4
10600015031,حي التعاون,At Taawun Dist.,15,ابها,Abha,منطقة عسير,18.269085,42.462167,9
10600015033,حي الروضة,Al Rawdah Dist.,15,ابها,Abha,منطقة عسير,18.232479,42.629554,46
10600015035,حي الروابي,Ar Rawabi Dist.,15,ابها,Abha,منطقة عسير,18.25656,42.60829,138
10600015036,حي المطار,Airport Dist.,15,ابها,Abha,منطقة عسير,18.260034,42.642844,10
10600015037,حي المصيف,Al Masif Dist.,15,ابها,Abha,منطقة عسير,18.284728,42.514702,5
10600015038,حي سلطانة,Sultanah Dist.,15,ابها,Abha,منطقة عسير,18.273418,42.633945,80
10600015040,حي البحيره,Al Bhira Dist.,15,ابها,Abha,منطقة عسير,18.223948,42.470807,8
10600015041,حي العقيق,Al Aqiq  Dist.,15,ابها,Abha,منطقة عسير,18.194964,42.608386,41
10600015042,حي السلام,As Salam Dist.,15,ابها,Abha,منطقة عسير,18.244736,42.470595,19
10600015043,حي الزهور,Az Zuhur Dist.,15,ابها,Abha,منطقة عسير,18.313352,42.624988,124
10600015044,حي المسك,Al Misk Dist.,15,ابها,Abha,منطقة عسير,18.176723,42.62065,4
10600062001,حي الراقي,Al Raqi Dist.,62,خميس مشيط,Khamis Mushayt,منطقة عسير,18.32895,42.753114,23
10600062003,حي الواحة,Al Wahah Dist.,62,خميس مشيط,Khamis Mushayt,منطقة عسير,18.332136,42.69523,9
10600062005,حي الجزيرة,Al Jazirah Dist.,62,خميس مشيط,Khamis Mushayt,منطقة عسير,18.413824,42.678926,4
10600062015,حي شباعة,Shubaah Dist.,62,خميس مشيط,Khamis Mushayt,منطقة عسير,18.319831,42.725569,5
10600062018,حي المعمورة,Al Mamurah Dist.,62,خميس مشيط,Khamis Mushayt,منطقة عسير,18.326818,42.72077,6
10600062019,حي النسيم,Al Naseem Dist.,62,خميس مشيط,Khamis Mushayt,منطقة عسير,18.291122,42.763198,6
10600062025,حي الصقور,As Suqur Dist.,62,خميس مشيط,Khamis Mushayt,منطقة عسير,18.299724,42.759057,5
10600062027,حي النخيل,Al Nakhil Dist.,62,خميس مشيط,Khamis Mushayt,منطقة عسير,18.296856,42.747906,4
10600062029,حي الشرفية,Ash Sharafiyah Dist.,62,خميس مشيط,Khamis Mushayt,منطقة عسير,18.305671,42.746152,3
10600062030,حي الربيع,Ar Rabie Dist.,62,خميس مشيط,Khamis Mushayt,منطقة عسير,18.31501,42.690531,16
10600062034,حي الدوحة,Ad Dawhah Dist.,62,خميس مشيط,Khamis Mushayt,منطقة عسير,18.399836,42.722177,4
10600062036,حي القافلة,Al Qafilah Dist.,62,خميس مشيط,Khamis Mushayt,منطقة عسير,18.424085,42.719129,35
10600062039,حي الرونه,Ar Runah Dist.,62,خميس مشيط,Khamis Mushayt,منطقة عسير,18.227645,42.805929,5
10600062040,حي الشفاء,Ash Shifa Dist.,62,خميس مشيط,Khamis Mushayt,منطقة عسير,18.26416,42.737124,31
10600062041,حي ذلالة,Dhalalah Dist.,62,خميس مشيط,Khamis Mushayt,منطقة عسير,18.246519,42.752208,11
10600062042,حي الرصراص 2,Ar Rasras 2 Dist.,62,خميس مشيط,Khamis Mushayt,منطقة عسير,18.252599,42.779096,6
10600062046,حي الجامعيين,Al Jamiyin Dist.,62,خميس مشيط,Khamis Mushayt,منطقة عسير,18.311814,42.669954,16
10600062047,حي الوسام,Al Wasam Dist.,62,خميس مشيط,Khamis Mushayt,منطقة عسير,18.350491,42.76521,19
10600062048,حي اليرموك,Al Yarmuk Dist.,62,خميس مشيط,Khamis Mushayt,منطقة عسير,18.338424,42.759786,46
10600062049,حي الحرابى,Al Harabi Dist.,62,خميس مشيط,Khamis Mushayt,منطقة عسير,18.252792,42.740391,4
10600062052,حي الهرير الغربى,Al Harir Western Dist.,62,خميس مشيط,Khamis Mushayt,منطقة عسير,18.235821,42.768975,8
10600062054,حي الظرفة,Al Dhurfah Dist.,62,خميس مشيط,Khamis Mushayt,منطقة عسير,18.291768,42.697295,102
10600062055,حي تارة,Tara Dist.,62,خميس مشيط,Khamis Mushayt,منطقة عسير,18.273422,42.668217,5
10600062057,حي الجبل,Al Jabal Dist.,62,خميس مشيط,Khamis Mushayt,منطقة عسير,18.26034,42.67189,13
10600062058,حي شمال التضامن,Shamal At Tadamun Dist.,62,خميس مشيط,Khamis Mushayt,منطقة عسير,18.35495,42.694535,37
10600062059,حي نشوان,Nashwan Dist.,62,خميس مشيط,Khamis Mushayt,منطقة عسير,18.343339,42.725562,14
10600062060,حي المصيف,Al Masif Dist.,62,خميس مشيط,Khamis Mushayt,منطقة عسير,18.286245,42.662728,18
10600062061,حي الصناعية,As Sinaiyah Dist.,62,خميس مشيط,Khamis Mushayt,منطقة عسير,18.384036,42.700639,6
10600062062,حي الوفاء,Al Wafa Dist.,62,خميس مشيط,Khamis Mushayt,منطقة عسير,18.33936,42.749244,15
10600062063,حي التعاون,At Taawun Dist.,62,خميس مشيط,Khamis Mushayt,منطقة عسير,18.361766,42.711181,17
10600062066,حي ذهبان الغربى,Western Dhahban Dist.,62,خميس مشيط,Khamis Mushayt,منطقة عسير,18.272332,42.74044,6
10600062067,حي ذهبان الشرقى,Eastern Dhahban Dist.,62,خميس مشيط,Khamis Mushayt,منطقة عسير,18.270329,42.750285,9
10600062068,حي الرصراص 1,Ar Rasras 1 Dist.,62,خميس مشيط,Khamis Mushayt,منطقة عسير,18.262246,42.765141,7
10600062069,حي الوقواق,Al Waqwaq Dist.,62,خميس مشيط,Khamis Mushayt,منطقة عسير,18.256607,42.75179,3
10600065005,حي النهضة,An Nahdah Dist.,65,احد رفيده,Ahad Rifaydah,منطقة عسير,18.184588,42.859293,11
10600065012,حي الخليج,Al Khalij Dist.,65,احد رفيده,Ahad Rifaydah,منطقة عسير,18.192752,42.820262,18
10600256002,حي النزهة,Al Nuzhah Dist.,256,طريب,Tarib,منطقة عسير,18.557016,43.197494,5
10600256005,حي الفاخرية,Al Fakhriyah Dist.,256,طريب,Tarib,منطقة عسير,18.522396,43.227589,4
10601514004,حي الخزان,Al Khazzan Dist.,1514,بيشة,Bishah,منطقة عسير,20.052432,42.683095,8
10601514023,حي النزهة,An Nuzhah Dist.,1514,بيشة,Bishah,منطقة عسير,19.893507,42.608803,3
10601514027,حي الامير سلطان,Prince Sultan Dist.,1514,بيشة,Bishah,منطقة عسير,19.932241,42.603044,5
10602519010,حي السلام,As Salam Dist.,2519,النماص,An Namas,منطقة عسير,19.129116,42.132188,4
10603273001,حي الامل,Al Amal Dist.,3273,تنومة,Tanumah,منطقة عسير,18.941513,42.201161,3
10603328006,حي الروضة,Ar Rawdah Dist.,3328,سراة عبيدة,Sarat Abidah,منطقة عسير,18.078945,43.124034,3
10700001005,حي الاخضر,Al Akhdar Dist.,1,تبوك,Tabuk,منطقة تبوك,28.360338,36.503932,8
10700001006,حي البوادي,Al Bawadi Dist.,1,تبوك,Tabuk,منطقة تبوك,28.360381,36.524627,13
10700001007,حي اليرموك,Al Yarmuk Dist.,1,تبوك,Tabuk,منطقة تبوك,28.350172,36.50647,10
10700001009,حي النظيم,Al Nadheem Dist.,1,تبوك,Tabuk,منطقة تبوك,28.371027,36.529791,3
10700001012,حي الحمراء,Al Hamra Dist.,1,تبوك,Tabuk,منطقة تبوك,28.369633,36.575665,3
10700001015,حي سلطانة,Sultanah Dist.,1,تبوك,Tabuk,منطقة تبوك,28.393009,36.595608,7
10700001016,حي الفيصلية الجنوبية,Faisaliyah South Dist.,1,تبوك,Tabuk,منطقة تبوك,28.392992,36.57783,8
10700001017,حي الفيصلية الشمالية,Faisaliyah North Dist.,1,تبوك,Tabuk,منطقة تبوك,28.40661,36.564022,3
10700001018,حي النهضة,Al Nahdah Dist.,1,تبوك,Tabuk,منطقة تبوك,28.389791,36.527845,4
10700001019,حي الروضة,Al Rawdah Dist.,1,تبوك,Tabuk,منطقة تبوك,28.405462,36.522547,4
10700001022,حي الريان,Al Rayan Dist.,1,تبوك,Tabuk,منطقة تبوك,28.46777,36.55548,18
10700001023,حي الورود,Al Wurud Dist.,1,تبوك,Tabuk,منطقة تبوك,28.411231,36.567951,3
10700001026,حي الفلاح,Al Falah Dist.,1,تبوك,Tabuk,منطقة تبوك,28.480041,36.554925,5
10700001033,حي الجامعة,Al Jamiah Dist.,1,تبوك,Tabuk,منطقة تبوك,28.464112,36.473671,4
10700001044,حي القادسية الثاني,Al Qadisiyah 2 Dist.,1,تبوك,Tabuk,منطقة تبوك,28.442726,36.50604,8
10700001047,حي القدس,Al Quds Dist.,1,تبوك,Tabuk,منطقة تبوك,28.412025,36.462391,7
10700001048,حي التعاون,Al Taawun Dist.,1,تبوك,Tabuk,منطقة تبوك,28.423979,36.468758,5
10700001049,حي القادسية الاول,Al Qadisiyah 1 Dist.,1,تبوك,Tabuk,منطقة تبوك,28.426198,36.514526,4
10700001050,حي غرناطة,Ghirnatah Dist.,1,تبوك,Tabuk,منطقة تبوك,28.411798,36.469375,6
10700001053,حي الياسمين,Al Yasmin Dist.,1,تبوك,Tabuk,منطقة تبوك,28.424216,36.4494,4
10700074012,حي الرحمانية,Ar Rahmaniyah Dist.,74,تيماء,Tayma',منطقة تبوك,27.609072,38.500799,5
10800010001,حي اجا,Aja Dist.,10,حائل,Hail,منطقة حائل,27.559871,41.690079,4
10800010002,حي العزيزية,Al Aziziyah Dist.,10,حائل,Hail,منطقة حائل,27.525799,41.688699,9
10800010012,حي الخزامى,Al Khuzama Dist.,10,حائل,Hail,منطقة حائل,27.572427,41.724133,17
10800010014,حي حدري البلاد,Hadri Al Bilad Dist.,10,حائل,Hail,منطقة حائل,27.548116,41.76515,7
10800010016,حي السويفلة,As Suwayfilah Dist.,10,حائل,Hail,منطقة حائل,27.555584,41.746703,9
10800010019,حي الوسيطاء,Al Wusayta Dist.,10,حائل,Hail,منطقة حائل,27.515688,41.668996,3
10800010020,حي صبابة,Sababah Dist.,10,حائل,Hail,منطقة حائل,27.525299,41.648078,3
10800010021,حي المطار,Al Matar Dist.,10,حائل,Hail,منطقة حائل,27.502861,41.691895,5
10800010023,حي المدائن,Al Madaen Dist.,10,حائل,Hail,منطقة حائل,27.410811,41.719071,35
10800010025,حي النقرة,An Naqrah Dist.,10,حائل,Hail,منطقة حائل,27.474166,41.665365,35
10800010029,حي السويفلة,As Suwayfilah Dist.,10,حائل,Hail,منطقة حائل,27.555584,41.746703,9
10800010032,حي المصيف,Al Masif Dist.,10,حائل,Hail,منطقة حائل,27.584767,41.674478,6
10800010033,حي المنتزه الشرقي,Al Muntazah Ash Sharqi Dist.,10,حائل,Hail,منطقة حائل,27.547982,41.699502,4
10800010034,حي اللقيطة,Al Laqitah Dist.,10,حائل,Hail,منطقة حائل,27.645918,41.695055,7
10800010035,حي الوادي,Al Wadi Dist.,10,حائل,Hail,منطقة حائل,27.425585,41.587625,35
10800010036,حي الرصف,Ar Rasf Dist.,10,حائل,Hail,منطقة حائل,27.445119,41.612088,13
10800010038,حي ضاحية الملك فهد,Dahiyat King Fahd Dist,10,حائل,Hail,منطقة حائل,27.643542,41.768613,7
10800010044,حي قفار,Qfaar Dist.,10,حائل,Hail,منطقة حائل,27.400828,41.605164,34
10801228001,حي السلام,As Salam Dist.,1228,الشنان,Ash Shinan,منطقة حائل,27.199065,42.460027,26
10801228005,حي العزيزية,Al Aziziyah Dist.,1228,الشنان,Ash Shinan,منطقة حائل,27.208893,42.46904,3
10802370012,حي ج2,C2 Dist.,2370,بقعاء,Baq'a,منطقة حائل,27.927265,42.359224,3
10902213001,حي غرناطة الشرقي,Ghirnatah Eastern Dist.,2213,عرعر,Arar,منطقة الحدود الشمالية,31.003886,41.19149,16
10902213006,حي ضاحية الملك فهد,Dahiyat King Fahd Dist,2213,عرعر,Arar,منطقة الحدود الشمالية,30.924186,41.095998,3
10902213042,حي قرطبة,Qurtubah Dist.,2213,عرعر,Arar,منطقة الحدود الشمالية,30.998498,41.14815,3
10902213060,حي غرناطة الغربي,Ghirnatah Wesrtern Dist.,2213,عرعر,Arar,منطقة الحدود الشمالية,31.007902,41.171592,8
11000017004,حي الصفا,As Safa Dist.,17,جازان,Jazan,منطقة جازان,16.884039,42.566177,5
11000017007,حي المطار,Airport Dist.,17,جازان,Jazan,منطقة جازان,16.894995,42.570748,19
11000017008,حي الروابي,Ar Rawabi Dist.,17,جازان,Jazan,منطقة جازان,17.000397,42.633152,28
11000017009,حي الزهور,Az Zuhur Dist.,17,جازان,Jazan,منطقة جازان,16.892325,42.615862,20
11000017010,حي الشاطئ,Ash Shati Dist.,17,جازان,Jazan,منطقة جازان,16.922958,42.556526,76
11000017011,حي الروضة,Ar Rawdah Dist.,17,جازان,Jazan,منطقة جازان,16.920935,42.568068,61
11000017014,حي النور,An Nur Dist.,17,جازان,Jazan,منطقة جازان,16.937255,42.627584,10
11000017016,حي الجبل,Al Jabal Dist.,17,جازان,Jazan,منطقة جازان,16.880133,42.550643,3
11003525011,حي الروضة,Ar Rawdah Dist.,3525,ابو عريش,Abu Arish,منطقة جازان,16.960089,42.816768,8
11003525015,حي الصفا,As Safa Dist.,3525,ابو عريش,Abu Arish,منطقة جازان,16.977488,42.818153,3
11103417044,حي الفهد,Al Fahd Dist.,3417,نجران,Najran,منطقة نجران,17.573269,44.230106,4
11201542001,حي الشروق,Al Shorouk Dist.,1542,الباحة,Bahah,منطقة الباحة,20.085074,41.574998,3
11201542008,حي النزهة,An Nuzhah Dist.,1542,الباحة,Bahah,منطقة الباحة,20.014797,41.480684,3
11302268021,حي الرديفة والرافعية,Ar Radifah Wal Rafeiyah Dist.,2268,دومة الجندل,Dawmat Al Jandal,منطقة الجوف,29.807425,39.669305,3
